country,federalism_GT,id,region_wb,gdp,statehiste1500_02n,origtime2,eleva,avg_temp,Maddison_gdppc_1990_estimate_ln,lp_lat_abst_fill,mountains,log_ocdistance_new,rugged,tropical,pmean,irri_impact5,frstdays,sd_emeanclip,Urbanpopulationoftotalpop,dist2suitable_km_new,Ygini_disp,Fixedtelephonesubscriptionsp,Employmentinagricultureof,Accesstoelectricityofpopu,pln_sxHr_mean,agyears_ext,popd_1500AD
Mexico,2,,,,0.31155688,15000,1076.740352,21.6,9.079312191,0.2555556,0.455153935,2.952230913,1.732390395,27.92822796,767.9408106,0.133766413,5.977159977,0.77643651,76.92,191207.98,46.400002,18.31804621,13.78999996,98.11062622,2626.828031,4100,12.07899692
Suriname,0,,,,,,184.2509868,26,8.904917999,0.044444401,0.048973215,4.33882596,0.306818042,100,2249.745319,0.026335714,,0.13385056,66.547,175987.63,45.799999,16.04128479,8.460000038,94.78339386,6696.253076,1500,0.057579318
Sweden,0,17568,Europe and Central Asia,49296.8103,0.12443966,8000,359.346328,3.6,10.24846947,0.688888907,0.190205563,4.56798933,0.715470072,0,629.0412846,0,27.8074398,0.24891204,84.588,108188.94,25,60.0244092,2.25,100,0,5500,0.842479708
Switzerland,2,17777,Europe and Central Asia,64943.53591,0.3582823,45000,1317.581088,7,10.43621655,0.522222221,0.938315975,5.708037462,4.761174758,0,1327.683522,0,21.01250076,0.625552,73.53,358067.16,29.9,65.37343462,4,100,877.940256,5500,19.92877493
Ghana,0,,,,0.082023896,135000,208.329245,27.6,7.401412042,0.088888898,0.016054902,4.3211869,0.227549211,100,1246.800949,0.057058826,0.055840001,0.07416667,48.669,351368.59,43,1.639565778,53.93999863,56.97537231,6889.873359,3500,7.670431703
South Africa,1,,,,0,135000,1059.07003,18.5,8.761949896,0.322222203,0.367692771,4.376743143,1.760554415,0.179218397,484.8617406,0.068088457,9.647230148,0.44171423,60.616,368782,63.5,9.938973846,6.010000229,82,2711.073385,1700,0.132444226
Japan,0,,,,0.42050561,40000,415.8930018,12.3,10.09807386,0.400000006,0.3548689,-1.186720102,2.132432075,0.006131226,1694.252035,0,21.04367065,0.20116894,88.146,52330.953,30.799999,39.87343944,4.309999943,100,2021.05582,4500,29.12740958
Myanmar,2,,,,0.45391431,65000,702,23.3,7.578205109,0.2444444,0.450552805,4.068981085,,,,0,1.674569964,0.55580193,28.319,295043.91,,0.935260389,54.70000076,49.57591248,3121.257023,5000,5.429579993
Russia,2,15722,Europe and Central Asia,23719.81079,0.049864996,25000,376.7161183,-3,9.290582877,0.666666687,0.250717934,7.082548917,0.939707157,0,433.5474821,0.154519364,29.73130035,0.36701852,73.553,1310862.9,36.400002,31.56237145,8.989999771,100,153.311536,5000,0.421483156
Albania,0,,,,0.37496749,45000,725.7776293,12.5,8.466875057,0.455555588,0.551536969,1.680425783,3.427058276,0,1145.434098,0.020161821,14.40832996,0.35474604,48.902,73494.945,38.900002,9.887943235,45.54999924,100,1644.582393,7500,6.590497738
Egypt,0,,,,0.75831485,40000,326.599974,23.1,8.3803447,0.300000012,0.094256287,4.958982695,0.72306666,0,14.40533352,1,3.643369913,0.15610264,43.078,343183.34,41.099998,14.35324537,31.76000023,98.5062561,0,7200,3.315189885
Yemen,0,,,,0.59173375,85000,999,24.7,7.762093603,0.166666701,0.382970623,3.419666692,,,,1,8.693059921,0.47570166,30.051,187526.38,37,4.802064042,27.71999931,57.24646759,84.27718279,7600,6.689600803
Colombia,1,3611,Latin America and the Caribbean,11273.82366,0,15000,587.9899647,24.6,8.753904453,0.044444401,0.255802679,4.97185341,0.88523345,89.76324325,2673.205663,0.004697314,0.183959395,0.57319546,76.816,393499.53,54.299999,18.11739377,19.37000084,96.06945801,5917.208743,3400,3.250979309
Poland,0,14886,Europe and Central Asia,21611.64874,0.20129994,8000,196.4631623,9.4,9.324794574,0.577777803,0.043492976,5.029637977,0.296741935,0,595.8659663,0,22.31084061,0.14651467,61.229,285733.47,31.299999,27.35242758,14.75,100,1175.375489,6000,11.18452136
Brazil,2,,,,0,12500,353.8324327,25.7,8.921738746,0.111111097,0.062377629,5.812490468,0.239774615,88.56728696,1754.49032,0.041311253,0.256668091,0.20083378,83.448,668112.38,49.200001,20.72241635,14.68000031,98.125382,5938.044016,3500,1.809292284
United States,2,19870,North America,55916.71538,0,22000,727.923827,9.5,10.41618998,0.422222197,0.286300112,5.426995252,1.07345552,0.35780689,680.8527241,0.190068141,24.29043961,0.63109034,80.269,607545.94,38.099998,52.69917132,1.289999962,100,2499.889396,3500,0.06323245
Portugal,0,15213,Europe and Central Asia,32291.95609,0.36915627,40000,354.7477158,15.5,9.697157712,0.436666697,0.302945891,-0.486011989,1.304441406,0,850.4566567,0.043933902,4.653659821,0.21676473,58.749,72850.109,33.900002,39.7592277,11.84000015,100,2312.472284,6500,12.5739645
El Salvador,0,5701,Latin America and the Caribbean,7238.183193,0,15000,461.0587612,24.7,8.107977394,0.150000006,0.469969533,-0.065698632,1.750159004,100,1838.758917,0,0.042860001,,62.774,54100.109,43,17.68943023,18.02000046,91.109558,4518.416667,3000,4.829365079
South Yemen,0,,,,,,,,,0.222222194,0.341366392,,,,,,,,,,,,,,,7600,1.109007458
Bangladesh,0,,,,0.18156122,65000,57.42478505,25.4,7.054661586,0.26666671,0.005561341,3.203733213,0.186410457,75.03817543,2227.306608,0.02544065,0.02128,0.17910753,28.237,108907.97,34.700001,0.831989255,47.84999847,46.5,7324.781268,5500,69.30211308
Bolivia,1,1634,Latin America and the Caribbean,6085.385811,0.36250779,12500,1312.494392,21.2,7.895213041,0.188888907,0.378160477,6.4779953,0.852611613,64.87835699,1150.086837,0.094350211,2.110490084,1.611563,65.082,783644.13,49.5,7.095279888,36.09999847,80.156567,5407.225391,4000,0.594236055
Haiti,0,,,,0,6000,434.8132981,24.8,6.793575945,0.211111099,0.517261506,-5.046729118,2.361944212,100,1524.288767,0.017231543,0.545449972,0.14101942,44.574,19030.375,53.900002,1.140982176,34.84999847,35.61966324,5697.650746,1000,6.918674699
Honduras,0,,,,0.082284689,15000,656.4337736,24,7.792151643,0.166666701,0.562483274,2.860941984,2.150365982,94.6362638,1733.649718,0.006485846,0.447369993,0.35540006,49.905,79853.109,51.299999,10.51729662,33.99000168,73.548187,5661.022794,3000,9.128129602
Mali,0,,,,0.16054003,135000,347.9441429,29.1,6.860274572,0.188888907,0.006225874,6.95956351,0.147199286,11.68795007,309.5253892,0.357407004,0.617259979,0.091115966,33.612,1086015.8,40.200001,0.58605436,69.72000122,21.73500252,1789.680039,3000,0.677164064
Pakistan,2,,,,0.62182832,52000,1065.012428,21.2,7.683863052,0.31173,0.411004073,5.831451671,1.948522287,0,264.5826875,0.602172136,9.724619865,1.2011677,34.387,607896.25,34.299999,2.864108381,43.63999939,70.68873596,578.7959563,9000,15.97917629
Peru,0,14514,Latin America and the Caribbean,8629.263924,0.36869848,12500,1517.445345,19.3,8.552140666,0.111111097,0.486735014,4.752990481,1.347159331,55.78815256,1562.813422,0.024725659,1.560750008,1.5134349,75.803,409108.78,50.5,10.03883733,29.43000031,81.988131,3706.510869,4300,2.899735926
Senegal,0,,,,0.1622761,135000,81.53550104,28.7,7.178404999,0.155555606,0.0003,3.956889849,0.244145032,34.99866826,669.8528948,0.058467295,0.13538,0.059956983,42.535,197023.92,41.700001,2.302439959,40.70000076,48.4100647,4711.315479,3000,1.498734177
South Sudan,0,,,,,,3362,26.9,,0.06877,,,,,,,,,17.42,,,,63.40999985,,,5000,1.05560054
Sudan,0,,,,0.57597893,135000,557.1103159,28.3,7.636518234,0.166666701,0.06981278,6.70463051,0.441562634,20.67941866,233.8461089,0.224670902,1.17185998,0.23513411,32.866,995885.06,40.400002,0.848647942,47.59000015,34.23961639,3074.523226,5000,1.157706577
Vietnam,0,,,,0.47457772,75000,420.9065324,24.8,7.769878507,0.177777797,0.342882737,1.907315033,2.053842021,56.53464973,1791.774158,0.031864148,0.05094,0.40780699,28.504,97278.148,34.5,13.07149434,49.27999878,93.24891663,3986.008599,6000,5.547445255
South Vietnam,0,,,,,,,,,0.166666701,0.260577676,,,,,,,,,,,,,,,6000,5.55235732
Afghanistan,0,,,,0.42265689,40000,1836.798397,13.8,6.534620117,0.366666704,0.622052286,6.863144864,2.518146183,0,312.8519518,0.724970877,22.02199936,1.1732637,23.113,922585.31,31.700001,,60.13999939,33.9016037,230.2599134,9000,2.89189455
Argentina,2,172,Latin America and the Caribbean,22424.12225,0.00426521,12500,715.3512689,14.5,9.239281904,0.377777815,0.23310985,5.128120188,0.774610635,0,540.6746778,0.415783286,11.45528984,1.1327797,90.366,352015.03,42.099998,23.93894108,1.120000005,97.38516998,3669.607465,3800,0.015562207
Ethiopia,2,,,,0.5661819,160000,1283.623036,22.7,6.385598746,0.088888898,0.502670997,6.170902789,1.569605855,29.45529181,792.8073687,0.104694791,1.317710042,0.61555433,16.116,568981.75,32.900002,1.090914302,76.65000153,,3416.340467,4000,1.706644622
India,2,,,,0.50311071,52000,614.9809611,24.3,7.751343691,0.222222194,0.18365831,4.940955379,1.012652021,39.44693721,1113.263554,0.188607946,2.601160049,1.1701444,29.906,426449.94,48,3.31724863,54.11000061,70.13076019,5800.648436,8500,33.49973916
Kenya,0,,,,0,160000,814.9333842,25.4,7.152310979,0.0111111,0.249495945,5.63659259,0.669069943,51.0282986,604.3678892,0.325137347,0.271809608,0.56679672,22.42,445824.09,46.099998,1.198178098,60.97000122,28.42663383,4631.008086,3500,2.103611472
North Korea,0,,,,,,400,7.2,7.009279775,0.444444388,0.516173389,2.891405126,,,,0,28.8020401,0.40941271,59.962,66177.75,,4.878385367,48.02999878,,1810.506193,4500,10.84437264
South Korea,0,,,,0.54182482,40000,287.8776374,12.7,9.881320048,0.411111087,0.269342903,-0.739589235,1.959570086,0,1319.679689,0,25.46585083,0.16095616,81.631,63872.66,31.299999,46.91904996,7.300000191,100,2644.757405,4500,23.80888575
Kosovo,,,,,,,800,9.5,6.880194279,0.5222222,0.87955556,,,,,,,,,,28.9,6.109809895,,100,,7500,9.035294118
Lebanon,0,,,,0.50314915,40000,1051.755614,16.8,8.92322698,0.372222185,0.85676424,1.104947991,4.197076537,0,818.6527826,0.157113254,9.175000191,,86.901,58779.813,37.200001,14.63162717,15.86999989,99.9,1208.34965,10500,41.86111111
Nigeria,2,,,,0.19641565,135000,356.8226379,27.4,7.732412879,0.111111097,0.07198225,5.455693267,0.31236649,73.43996904,1173.726645,0.074228331,0.137089998,0.2216008,40.819,483446.28,43.5,1.079448031,43.65999985,50.13091943,5633.44721,2700,11.84603261
Philippines,1,,,,0,17000,354.1692294,26.3,7.970377862,0.144444495,0.26234433,-4.84222779,2.02805266,98.97271723,2549.678656,0.002419515,0.01023,0.14964972,45.54,34644.434,42.200001,4.406980324,34.22000122,82.06024933,4759.328767,5000,1.186372745
Tanzania,0,18340,Sub-Saharan Africa,1848.985571,0,135000,1046.355158,23,6.852591172,0.0666667,0.24026017,5.689763865,0.677451491,88.29449688,979.6105704,0.041175008,,0.44064859,26.121,489913.34,44.200001,0.401335607,71.75,15.44251728,6438.391089,2500,1.731141071
Taiwan,0,18220,East Asia and the Pacific,38014.11097,0,75000,1150,22,10.02080928,0.2588889,0.424870999,-4.119846399,,,,0,,0.16599497,,40259.66,30.6,,,,2618.470588,5500,5.145969499
Thailand,0,18433,East Asia and the Pacific,13473.43327,0.24571876,65000,311.9854761,26.5,8.906346864,0.166666701,0.253349409,3.530850891,1.050792207,99.54566955,1495.823428,0.00491226,0.01086,0.23804854,39.95,196167.52,42.299999,10.61322095,39.52999878,94.23646545,4620.016412,5500,3.351855381
Uganda,0,,,,0,135000,1182.400121,24.1,6.836673071,0.0111111,0.231072916,6.912708688,0.913236664,97.78262396,1195.755557,0.048555739,0.307404786,0.27836812,17.899,988793.94,45,0.56225361,67.61000061,14.90582466,6567.407616,3500,5.977516779
Venezuela,2,20431,Latin America and the Caribbean,19012.99316,0,15000,374.2989628,25.9,9.259222198,0.088888898,0.250992778,4.422284525,0.633912194,96.75154181,1940.260797,0.017838305,0.177180007,0.43421739,88.006,289682.09,39.200001,19.06615296,8.840000153,98.93862152,5261.785302,3800,0.231105733
Benin,0,,,,0,135000,295.6817059,28.1,7.038219187,0.103333302,0.004493056,5.386777152,0.14114122,97.48924861,1062.776509,0.029197289,0.033330001,0.089598738,41.558,363152.31,45.799999,1.310085297,45.34000015,28.13915253,7193.497451,3100,33.92260579
Bhutan,0,1542,South Asia,6743.016107,,,2863.963253,8.8,8.109087033,0.303333312,0.855030856,6.318235207,6.740055537,0,1552.370813,0,,1.9462662,32.469,470551.88,41.200001,4.490611783,62.22999954,71.8,160.7137405,6000,0.103053435
Burkina Faso,0,,,,0.017060841,135000,328.0692461,29,6.786703924,0.144444495,0.001261175,6.604374596,0.236461331,49.82000666,762.9478895,0.09193974,0.077780001,0.044131774,22.996,751330.5,44.099998,0.819153999,60.52999878,12.18161964,7181.116422,2900,4.304227941
Cambodia,0,2331,East Asia and the Pacific,2511.899371,0.45979312,65000,153.1799848,27.2,7.368100292,0.144444495,0.104456161,4.918017062,0.540180772,100,1780.17298,0.01076181,0.00159,0.14157633,19.413,172125.88,36.400002,0.274335557,58.13000107,35.08600998,5925.599816,4500,8.143043195
Indonesia,0,9321,East Asia and the Pacific,7319.434197,0.24870798,75000,370.8798629,26.1,8.280542139,0.055555601,0.256824027,-1.640037924,0.967195027,99.83455984,2703.005888,0.000530952,0.436605096,0.29962447,47.535,73322.109,43.599998,8.404333707,41.25999832,91.1,6185.952008,4000,3.80790135
Mozambique,0,,,,0,135000,381.5512207,24.5,6.78763004,0.201666698,0.163152589,3.582129218,0.61237463,87.36475705,990.4120974,0.07649982,0.229849994,0.32040942,30.364,213386.86,45.700001,0.359889553,78.26000214,12.4,7415.608398,1400,0.909681732
Nepal,0,,,,0.40402821,40000,2137.710201,9.4,6.888982384,0.311111093,0.817830188,6.827766131,5.042514984,0,1370.449953,0.036144506,12.35369968,1.9064379,15.781,806203.94,38.5,2.657533772,71.77999878,53.7927475,1865.139918,6000,13.21039095
Nicaragua,0,,,,0,15000,251.7054978,25.2,7.625939235,0.144444495,0.218846837,2.917951866,0.992241283,100,2287.048677,0.002722223,0.204549998,0.12589867,56.328,96240.992,44.599998,4.454339,29.61000061,76.55521393,6829.953836,3000,2.280594997
Niger,0,,,,0.066262312,135000,490.3047478,28,6.149827635,0.177777797,0.019178413,7.08722035,0.178269437,0.032127172,133.8944375,0.268384665,0.810069978,0.16523716,16.234,1241266.9,39.200001,0.28386018,75.83999634,11.37294674,786.6978894,4000,0.563373566
Zambia,0,20778,Sub-Saharan Africa,2619.72137,0,135000,1148.561593,21.7,7.123866128,0.166666701,0.09717,6.916260487,0.532583775,17.13245403,1018.25855,0.014306639,1.813770056,0.17371382,37.881,992767.31,55.200001,0.734138274,71.73000336,18.5,7704.231756,1800,0.091860595
Zimbabwe,0,,,,0,135000,1003.042523,21.7,6.648317043,0.222222194,0.301695475,6.298204993,1.19434126,8.400756716,673.0347179,0.128948197,2.786030054,0.27749687,33.743,539155.56,48,2.814965696,65.55000305,36.1982193,6229.734995,1400,0.436590959
Guinea,0,8198,Sub-Saharan Africa,1856.003738,0.033457004,135000,469.9974958,26.4,6.499419347,0.1222222,0.218005134,4.856449515,0.73974183,100,1831.511085,0.000373542,0.740260005,0.18182392,32.822,269225.56,40.599998,0.231137062,68.27999878,23.95799637,5526.901375,3250,3.157731959
Cote d'Ivoire,0,,,,0.02252477,135000,288.6690061,26.9,7.210978794,0.088888898,0.031693258,4.975382744,0.223795235,100,1335.359658,0.004228287,0.117430001,0.12661257,46.071,284473.78,55.200001,1.291377286,49.04000092,55.41978073,6443.965208,3500,2.839848006
Mauritania,0,,,,0.13747109,135000,291.4518606,28.5,7.358725078,0.222222194,0.006435688,5.844109817,0.114909457,0,91.09064524,0.72079289,0.495539993,0.11973781,43.89,579193.56,39.900002,1.257354762,37.06999969,33.04054054,120.3164684,3500,0.095543417
Canada,2,2721,North America,46128.21634,0,22000,476.1313302,-4.8,10.25994964,0.666666687,0.204466222,6.838152688,0.774901082,0,448.7037204,0.10680557,29.68425941,0.4185864,80.396,1580162.8,31.200001,55.51650531,2,100,37.41169445,1500,8.92135E-05
Australia,2,,,,0,65000,305.4631225,22,10.26361714,0.300000012,0.033132071,4.619855059,0.14333531,14.68000395,471.6373614,0.617348433,3.129750013,0.18806079,84.822,359624.19,32.5,46.6620744,3.319999933,100,1717.468108,400,3.99564E-05
Botswana,0,,,,0.084985636,135000,1062.675461,22.2,8.790398048,0.2444444,0.008601626,6.70345643,0.180680886,0,393.8222353,0.744098127,5.786699772,0.13716584,57.928,854817.5,58.700001,7.301999137,23.77000046,42.56283188,2463.146265,1000,0.028263482
Burundi,0,,,,0,135000,1531.862768,20.5,5.962159173,0.036666699,0.675883855,6.997120053,1.779704232,75.35375738,1194.545878,0.002226949,0.354550004,0.21889059,9.864,1059321,38.799999,0.362493313,89.52999878,4.775167942,3604.178914,3500,25.91946309
Cabo Verde,0,,,,0.011373894,500,383.4288236,23.6,8.063964168,0.177777797,0.1840625,-6.907755279,2.366629147,0,242.1467356,,,,59.363,36213.809,49.900002,15.10630236,18.04999924,71.07081604,1360.55814,538,0
Central African Republic,0,,,,0,135000,627.0400026,25.9,6.273177427,0.04331,0.009161166,7.115375351,0.196990411,97.38186719,1367.441479,0.00479078,0.789219975,0.13471593,38.339,1217951.6,54.5,,73.83000183,8.40559864,7495.763454,3000,0.159485716
Chile,0,,,,0.005686947,12500,1249.165202,8.1,9.362781629,0.333333313,0.541595072,0.866321038,2.48054446,0,1001.388336,0.322778195,14.16215992,1.5370892,86.9,127223.16,47.799999,20.92903925,12.31000042,98.22052002,76.98341997,4000,0.630691557
Costa Rica,0,3914,Latin America and the Caribbean,15209.07394,0,15000,591.1838063,25.3,8.925385656,0.111111097,0.371526208,-0.972938009,2.112266742,94.01733789,2965.620714,0,0.25,0.33617342,68.174,39302.379,45.299999,32.61785104,13.27000046,99.217998,5230.566502,2500,8.308702791
Timor-Leste,0,18457,East Asia and the Pacific,2306.402112,,,1482,25.3,6.962963066,0.133333296,0.476493079,-6.907755279,,,,0,,,26.709,57017.32,33.400002,0.235432153,55.68000031,36.6,3739.460227,4000,6.375
Ecuador,0,5391,Latin America and the Caribbean,9805.649155,0.033787154,12500,1080.354859,21.1,8.537768694,0.0222222,0.400895556,2.042101806,1.277522467,73.16508037,2006.269766,0.026307093,1.246750951,0.9453553,62.104,140420.72,47.099998,12.75216124,28.48999977,96.812618,4473.103344,4000,1.735357296
France,0,,,,0.41214633,45000,368.2303389,11.8,10.10436836,0.462276,0.209754887,1.152244027,1.097683519,0,816.2589779,0.016220778,12.11480045,0.39681977,77.621,169981.2,28.799999,56.24767221,3.450000048,100,3371.832272,7500,26.70613073
Germany,2,7493,Europe and Central Asia,47299.27879,0.37239301,45000,283.2409186,10.1,10.1477201,0.566666722,0.123020836,5.279593321,0.597442268,0,728.9647498,0.032982931,19.60425949,0.3125273,76.378,236327.58,28.700001,65.33146862,2.25999999,100,1345.105183,8000,25.29789003
Guatemala,0,,,,0.32916042,15000,768.178381,24.2,8.281617686,0.170000002,0.413520649,3.410634431,1.807380518,78.37599235,1997.973753,0.012250355,0.337500006,0.48014531,47.508,149430.42,48.099998,10.31869531,33.02999878,80.76786804,4801.850566,3500,6.906959153
Iran,0,,,,0.63856953,75000,1284.391173,18.2,9.01024415,0.355555594,0.56693941,5.136935018,2.445289035,0,211.7247089,0.405864626,16.40995026,0.61505908,68.864,500838.22,40.099998,33.41207987,22.80999947,98.7598114,473.2467504,9500,2.105565962
Iraq,2,9409,Middle East and North Africa,8112.674406,0.58670634,52000,332.0901095,22.6,8.080466119,0.366666704,0.087102235,6.094319498,0.670361998,0,204.1456688,0.612670958,,0.55738825,68.873,491754.38,32.5,4.888753093,24.94000053,98.1,580.8179272,10000,2.168849242
Ireland,0,9637,Europe and Central Asia,59566.3642,0.27226931,8000,135.8982376,10.3,10.34574166,0.588888884,0.05510086,-0.89647992,0.513005465,0,1100.103691,0,13.44878006,0.024955772,60.94,31294.744,30.799999,52.22690161,5.440000057,100,0,5000,10.99849624
Italy,1,,,,0.49653071,45000,572.045537,14.6,10.04342612,0.472222209,0.396373462,,2.457955223,0,817.7568727,0.11596597,12.09473991,0.59567153,67.974,,32.599998,38.15798502,3.970000029,100,2561.514885,8000,30.3526049
Jordan,0,10757,Middle East and North Africa,11399.98372,0.45651954,40000,795.8246583,19,8.612799951,0.344444513,0.157091501,5.400161352,1.096743721,0,105.8021463,0.544067621,12.07059002,0.16512284,82.371,245709.56,36.900002,8.936450487,3.720000029,98.8,50.74651354,10500,0.989119277
Latvia,0,11200,Europe and Central Asia,25306.50567,0.057361033,8000,117.3746718,7.4,9.42283737,0.633333325,0,2.796671511,0.154470384,0,659.8801422,0,27.54000092,0.043795548,67.9,167580.86,35.5,29.30013298,10.18000031,100,0,3700,0.895991333
Lesotho,0,,,,0,135000,2245.804865,12.1,7.349038459,0.325555503,0.947847225,5.499539795,6.202061835,0,754.3704039,0,17.47273064,0.32346264,23.304,296974.81,50.799999,2.394759331,53.04000092,13.9248991,1557.224638,1500,1.427536232
Liberia,0,11379,Sub-Saharan Africa,1333.422223,0.052349649,135000,242.9161133,25.8,6.253618257,0.07,0.046599101,2.24249812,0.263217885,100,2688.208017,0.002838819,0.415630013,0.15620688,46.742,106674.54,37.400002,0.059158078,49.11000061,3,6492.588444,3250,2.708185053
Malawi,0,,,,0.009099115,135000,884.4035045,22.5,6.481602128,0.147777796,0.413019938,6.282582601,1.027220021,39.22364985,1089.374101,0.006321339,0.552630007,0.33907375,15.235,534904.69,45.900002,1.313233006,79.51999664,7.520929813,5308.051857,1800,3.047068538
Maldives,0,,,,,,1.8,28.3,9.108271022,0.035,0,-6.907755279,,,,,,,35.2,713106.19,39.599998,9.864575781,15.42000008,92.74253845,,362,
Mongolia,0,,,,0.15622513,40000,1515.841032,2,7.90300557,0.511111081,0.417609837,7.36205381,1.057188536,0,196.7782561,1,29.79718018,0.4973129,64.564,1598819,34.700001,7.072194678,41.58000183,78.13251495,0,5000,0.142570964
Morocco,0,12779,Middle East and North Africa,5689.633929,0.46668944,40000,900.6038351,17.7,8.161171954,0.355555594,0.313372393,3.695164568,2.412564563,0,312.1066623,0.317147851,4.832689762,0.4393011,56.317,301109.63,41.299999,7.681273642,42.74000168,82.00601196,491.2344498,3500,3.096011172
Netherlands,0,,,,0.32958144,8000,37.27491788,11.1,10.282789,0.581111073,0,0.07119615,0.03650312,0,781.8945942,0,14.17778015,0.110173,84.539,51533.879,26.700001,44.85645335,3.339999914,100,359.933635,6000,30.3827534
Panama,0,14046,Latin America and the Caribbean,19129.19477,0,15000,338.3282768,25.6,8.996234019,0.100000001,0.247744003,-3.208905153,1.539553713,100,2573.055915,0.001245293,0.375,0.17520875,64.268,38094.992,48.700001,14.33979746,14.73999977,85.93982697,5604.190692,2400,2.219817768
Papua New Guinea,1,,,,0,65000,638.1297435,25.2,7.121202251,0.0666667,0.371461238,-1.180024727,1.589492384,100,3063.010578,0,1.497280002,0.49278414,13.073,80152.531,47.5,0.881249565,68.87000275,23.18779182,5058.360066,4000,2.07531227
Qatar,0,15394,Middle East and North Africa,92750.0895,,,56.1538426,27.8,10.69346197,0.281111091,0,-4.615201139,0.18083533,0,73.13454597,1,,,97.917,42902.914,40,19.4813999,2.349999905,100,0,7600,0.521126761
Sierra Leone,0,,,,0,135000,226.7254539,26.6,6.529784774,0.092222199,0.084825927,2.276853107,0.498424489,100,2731.692027,0.001225271,0.228,0.16554731,37.689,97607.93,41.400002,0.505874066,66.80999756,13.07405567,5884.502897,3250,0.04051411
Spain,1,,,,0.36363876,40000,716.3478692,14,9.955915831,0.444444388,0.451743552,1.855992035,1.689148258,0,609.3192007,0.201883554,12.59444046,0.31291884,77.74,145267.83,31.4,44.44841669,4.519999981,100,1447.553729,7200,12.35556709
Syria,0,18022,Middle East and North Africa,7413.934206,0.51127386,40000,542.1455344,18.6,8.483933651,0.388888896,0.149363425,5.005676933,0.755558009,0,255.2354139,0.610895216,10.10274029,0.2349456,54.511,253662.42,36.900002,17.36571029,19.13999939,91.56737518,563.0071402,10500,5.235648636
Tunisia,0,,,,0.50556779,40000,282.3032737,20.5,8.674115616,0.377777815,0.139527547,2.453889381,0.726361917,0,224.3095519,0.572954416,6.061399937,0.19649251,65.809,110102.37,40.299999,12.35677688,18.70000076,99.4,625.773913,4500,4.629748284
Turkey,0,18558,Middle East and North Africa,20169.0635,0.6130414,52000,1168.948854,12.1,9.162068028,0.433333308,0.686779265,3.759656473,2.620193178,0,593.6622187,0.078405648,17.23033905,0.60174829,69.053,288150.78,40.5,26.15769274,23.47999954,,1337.556221,10000,5.90310217
Ukraine,0,18733,Europe and Central Asia,12829.03065,0.13476357,25000,206.7423266,10.3,8.491273405,0.544444382,0.039521048,4.738741005,0.415840021,0,568.0091084,0.076263793,25.15101051,0.14791763,68.147,293369.53,28,27.82254394,21.88999939,99.8,4585.737643,6500,4.246991155
United Kingdom,0,19197,Europe and Central Asia,44260.95673,0.34201455,8000,191.289034,9.7,10.16002368,0.600000024,0.106915207,-1.154476061,0.568403713,0,981.0661337,0,16.40077972,0.079905964,80.479,40610.82,34.099998,54.44977917,1.370000005,100,0,5500,15.70478095
Uruguay,0,20144,Latin America and the Caribbean,14828.02436,0,12500,136.0749488,17.4,9.152185889,0.366666704,0.0011,4.743211914,0.43547894,0,1220.300956,0.013795237,2.804349899,0.062186744,93.779,140551.33,42.299999,28.97024956,10.68000031,98.692636,7591.775841,3600,0.058082859
Algeria,0,,,,0.40522245,40000,585.317899,23.4,8.600870557,0.311111093,0.124805447,6.218243379,0.509750576,0,80.21608395,0.792184949,4.964439869,0.29151297,65.348,816964.25,35.5,8.980629012,15.63000011,,140.173117,4000,0.773991351
Angola,0,,,,0.050185502,135000,1099.466361,21.6,7.99107233,0.1366667,0.140538258,5.388158287,0.858215858,44.34624573,1020.473894,0.023712251,1.48119998,0.36267656,57.524,526999.81,49.799999,0.451051723,42.20999908,37.5,6066.408675,1250,1.347098056
Armenia,0,259,Europe and Central Asia,9708.405466,0.50688452,52000,1876.690123,7.5,8.656289276,0.444444388,0.814999992,5.722577283,2.688422465,0,509.2575865,0.135558829,28.53845978,0.36444271,63.739,814298.63,36.700001,21.30178564,36.52999878,99.23002625,787.4288889,8000,6.914414414
Azerbaijan,0,,,,0.30181175,52000,676.1587945,13,8.841892943,0.447777808,0.433274017,2.835426331,1.671540745,0,456.8331801,0.604042172,20.60540009,0.67293978,52.79,1029288.6,29.299999,14.36571631,38.54999924,99.56891632,3219.94508,8000,5.01986249
Belarus,0,1080,Europe and Central Asia,14417.35353,0.15337908,8000,188.3331701,8.1,9.129761008,0.588888884,0,6.24031095,0.164298869,0,624.8147494,0,26.45262909,0.022141054,73.273,528330.44,24.299999,38.73049091,12.06999969,100,1633.597339,4500,2.321586989
Cameroon,0,2347,Sub-Saharan Africa,3064.124968,0.089230523,135000,676.8042401,25,7.206766321,0.0666667,0.206838295,5.807103312,0.51484983,94.1198144,1641.229047,0.021854218,0.180000007,0.27665535,49.746,407595.84,44.900002,1.008388448,59.83000183,48.2,6022.044408,3000,2.18220693
Chad,0,,,,0.078994021,135000,548.920303,27.9,6.838584247,0.166666701,0.070034102,7.212674974,0.41946813,13.41296556,314.9856336,0.137342364,1.336920023,0.25431624,21.868,1412729.9,42.700001,0.295802635,78.48000336,5.599637032,2419.929912,2700,0.353220773
China,1,3373,East Asia and the Pacific,6795.174012,0.60698044,75000,1818.03462,8.3,8.59603662,0.388888896,0.537245238,6.461176746,1.878043385,0.300731747,562.020911,0.187730148,23.73147964,1.5605989,45.199,997079.88,42.700001,27.1648336,40.79999924,98.71140289,1438.774481,9000,9.059142226
Democratic Republic of Congo,0,,,,0.017060841,135000,715.4005225,24.5,5.58656509,0,0.108288554,7.011742608,0.443329569,94.86599395,1594.785338,0.014456204,0.206133604,0.34918827,38.47,1165944,43.799999,0.005987647,70.91999817,15.2,6986.053587,3000,2.064750526
Republic of Congo,0,,,,0.017060841,135000,446.6227618,24.8,7.815278985,0.0111111,0.023848351,5.75287314,0.151815262,100,1655.724134,5.23E-06,0.149550006,0.12711592,61.893,516585.72,47.900002,0.345809816,39.25,35.86069107,7352.833251,3000,0.354811102
Djibouti,0,,,,0.38534343,135000,473.5083895,28.5,7.337424986,0.125555605,0.5396024,0.334885308,2.431862911,0,171.9591647,1,1.416669965,0.25892597,76.853,41812.91,42.599998,1.752186042,35.22999954,56.23532486,0,3500,0.662698413
Dominican Republic,0,5210,Latin America and the Caribbean,11756.46033,0,6000,426.7357978,24.6,8.650570993,0.211111099,0.272001403,-2.81666277,1.640515135,87.81660113,1366.843187,0.071971454,0.855560005,0.21813896,70.02,54448.652,47.299999,9.706590557,12.85000038,96.876342,6396.927973,1500,3.743718593
Eritrea,0,,,,0.61243069,135000,797.4439697,26.2,6.463935216,0.166666701,0.50289575,2.697734162,2.481304319,0,352.753251,0.226953074,2.297440052,0.51450503,33.017,110959.3,,1.248508278,67.72000122,36.68868637,1464.944785,3500,0.550493421
Gabon,0,,,,0,135000,404.6801634,25.3,8.922956978,0.0111111,0.033621244,3.729980701,0.217507619,100,1850.812751,0,0.046513502,0.18242633,83.742,209466.86,41,1.799365058,36.56000137,81.34632111,5944.925974,3000,0.117338395
Gambia,0,,,,0,135000,51.84759799,28.4,6.89212812,0.147555605,0,0.18356915,0.353021765,89.35480344,799.448241,0.007224306,0.050000001,0.013035665,53.481,25937.35,44.299999,2.969787444,32.75999832,39.53058243,7811.984733,3000,0.099236641
Georgia,0,7036,Europe and Central Asia,9109.897741,0.39105859,52000,1260.803097,6.8,8.332223929,0.466666698,0.761735225,4.523773293,3.658702056,0,975.9224009,0.004421933,21.68709946,0.53392923,54.379,588065.31,38.900002,13.34575834,53.43000031,100,2274.499089,6000,7.462659381
Guinea Bissau,0,,,,,,66.32557625,27.5,6.573435496,0.133333296,0,-0.261594475,0.491014587,100,1692.164583,0,,0.061354406,38.934,31519.881,43.400002,0.324042555,66.08000183,7.998231411,7554.262755,3250,1.984693878
Jamaica,0,10588,Latin America and the Caribbean,10245.01507,0,6000,350.960808,25.6,8.381620081,0.201666698,0.40946811,-6.907755279,1.78792763,100,1845.795116,0,0.319999993,,53.184,42262.793,41.299999,13.35352917,18.39999962,89.59040833,4984.755556,1000,26.18518519
Kazakhstan,0,10830,Europe and Central Asia,19500.47894,0.066349149,40000,377.4366475,7.9,9.23786006,0.533333421,0.072884152,6.701350037,0.372478021,0,250.5860707,0.951502383,28.69403076,0.57373667,56.609,2076201.9,27.700001,20.61443486,31.21999931,100,188.5922322,6500,0.187434465
Kyrgyzstan,0,11116,Europe and Central Asia,3857.653908,0.063542046,40000,2671.166699,3.2,7.601910034,0.455555588,0.914751986,7.51023236,4.287271003,0,422.7773609,0.229416609,28.80698013,0.91085124,35.287,1921903.9,34.799999,9.297232925,34.49000168,99.54,339.1506938,6500,1.454095112
Laos,0,,,,0.26375094,65000,695.0124261,23.1,7.470964743,0.200000003,0.764950773,5.646291939,2.553460474,54.79420381,1890.74352,0,0.10633,0.31017694,28.316,285232.22,36.099998,1.595102262,75.05999756,54.96,2016.711978,6000,1.271960647
Libya,0,,,,0.42971566,40000,440.0158012,22.8,8.774067555,0.277777791,0.035080286,5.5073834,0.403313871,0,30.95788872,0.94419086,4.788829803,0.23053679,77.437,704398.31,32.700001,16.21815138,22.40999985,86.83457947,13.41186728,5500,0.28905607
Madagascar,0,,,,0,1300,569.1851321,23.3,6.264929745,0.222222194,0.337419446,1.235786918,1.169385973,65.22437389,1380.56164,0.009808794,0.534479976,0.37667781,30.043,153220.69,43.900002,0.688984451,78.75,16.01587868,5624.635387,2000,0.710816177
Moldova,0,12713,Europe and Central Asia,7845.669401,0.12268846,25000,171.7227953,11.6,7.835409899,0.522222221,0.003645834,5.165686404,0.799294446,0,554.6585062,0.055205569,24.07777977,0.065934896,42.713,191216.25,37.099998,26.14620923,32.75999832,100,4532.653913,7000,8.803478261
Namibia,0,,,,0,135000,1118.973211,20.4,8.456891598,0.2444444,0.212329172,4.675027619,0.913392855,0,282.8304661,0.562598348,4.687109947,0.27710256,38.598,482261.28,66.5,6.886121901,28.92000008,43.7,1009.699692,1250,0.053297363
Palestine-West Bank,0,,,,,,,,,0.3477778,0.317444027,,,,,0.077778734,,0.1283538,,,37.799999,,,,,10500,11.97560976
Rwanda,0,,,,0,135000,1719.300502,18.7,6.64138989,0.0222222,0.835401244,7.010786771,3.309409058,68.87955709,1145.647437,0.001176118,0.355560005,0.16846585,16.921,1072368.5,51.400002,0.249337998,83.08999634,12.15398788,3766.798635,2500,23.59233449
Somalia,2,,,,0.361231,135000,449.6386361,27.4,6.828982144,0.111111097,0.100632199,2.614515989,0.650225597,0,269.1001787,0.856463611,0.81094861,0.3232204,34.404,382983.31,,0.90251722,82.29000092,16.17985535,1425.327724,3500,0.656917735
Sri Lanka,1,17276,South Asia,7865.368073,0.56446087,52000,203.557253,27.3,8.313420992,0.077777803,0.087446334,-2.549618734,0.65009486,100,1879.463149,0.061028443,0.147829995,0.14319052,18.272,59563.309,48,13.81943816,35.25999832,80,7297.33967,5000,14.74744898
Swaziland,0,,,,0,135000,654.8882058,21.9,8.286276696,0.292222202,0.65938888,4.646239066,3.062861358,2.876148802,856.5138371,0,1.879999995,0.55782878,21.829,134434.69,58.400002,4.301435186,17.10000038,39.84580612,5649.153509,1500,0.157894737
Tajikistan,0,18316,Europe and Central Asia,2016.61429,0.35923699,40000,2983.332166,3.2,7.268873624,0.433333308,0.943444442,7.307190654,5.300787218,0,560.8510708,0.135343879,26.36841965,1.4503487,26.514,1496624.8,42.599998,4.144748616,54.47000122,98.65396881,535.9632075,7000,2.000471698
Togo,0,,,,0,135000,286.4826989,27.4,6.538825881,0.088888898,0.098830412,5.234155559,0.280260508,100,1190.992274,0.039997622,0.138889998,0.080618441,36.116,355885.25,43.200001,1.680354181,46.11000061,30.14684677,6191.348974,3100,6.686217009
Trinidad and Tobago,0,,,,0,15000,114.9797436,26.1,9.850915742,0.1222222,0.020102043,-6.907755279,0.602786933,100,2065.632193,0,0.166669995,,54.59,15705.681,,23.48586229,3.809999943,100,7875.068966,2000,0
Turkmenistan,0,,,,0.31822121,40000,222.7736159,16.4,8.592176729,0.444444388,0.04956858,5.186784033,0.283965682,0,162.8186461,0.995980322,20.37347031,0.32522953,47.581,1307296.5,,9.407941166,31.68000031,99.641922,327.8514544,8000,0.377824859
East Germany,0,,,,,,,,,0.566666722,0.055179487,,,,,,,,,,,,,,,8000,22.71456123
Palestine-Gaza,0,,,,,,,,,,,,,,,,,,,,,,,,,10500,13.83333333
Somaliland,0,,,,,,,,,,0.268795119,,,,,,,,,,,,,,,3500,0.771048744
Uzbekistan,0,,,,0.44995287,40000,376.283233,13.5,8.145110087,0.455555588,0.14294939,6.659932337,0.525938648,0,194.5167147,0.654397547,23.76283073,0.73378849,49.505,1682107.8,,6.697906109,30.90999985,99.73902893,588.9596032,6500,2.581484315
Andorra,0,,,,,,1996,8.4,10.18541991,0.469999999,,,,,,,,,89.308,,30.700001,44.93372357,,100,,8000,
Antigua,1,,,,,,60.47649694,26.5,9.456866912,0.189222202,0,-6.907755279,0.006226358,100,1037.6875,0,,,28.002,18444.877,47.099998,45.10508652,,100,,1500,
Austria,1,,,,0.38011575,45000,972.2174177,8,10.20944655,0.52444452,0.707958333,5.705456344,3.513180563,0,1044.661209,0,24.55405045,0.56224388,58.249,241345.58,27.799999,40.98036779,5.53000021,100,1662.210927,6500,18.02966432
Bahamas,0,,,,,,33.82365208,25.7,9.694823716,0.268333286,0,-6.907755279,0.055335133,100,1050.082791,0.241210073,,,82.302,40576.27,43.799999,39.37709884,2.309999943,100,5022.104575,1500,0.385714286
Bahrain,0,,,,,,45.52065037,27.8,9.643754382,0.288888901,0,-6.907755279,0.231363026,0,70.02459016,1,,,88.488,0,,19.64835088,1.24000001,100,0,7600,21.66666667
Barbados,0,,,,0,6000,7,26.7,9.318506817,0.145555601,0,-6.907755279,,,,0,,,32.451,189656.09,43.700001,48.17402225,3.00999999,100,7963.166667,1700,10.66666667
Belgium,2,1296,Europe and Central Asia,48762.65622,0.35728127,8000,182.3436896,11.2,10.16141331,0.561111093,0.02611111,3.852312155,0.387796867,0,858.8245245,0,15.5,0.12324686,97.505,86393.008,26.5,45.31180533,1.860000014,100,1624.499102,5500,40.23339318
Belize,0,,,,,,191.0189614,26.2,8.447016326,0.190555602,0.090866388,0.486409179,0.607033325,100,2052.223856,0.120937429,,0.15303601,45.279,24388.027,50.700001,11.33851685,19.30999947,85.20799255,6591.752768,1500,0.048327138
Bosnia and Herzegovina,2,1718,Europe and Central Asia,10468.09437,0.35203451,45000,708.7130436,11.5,8.573152188,0.48888889,0.809532827,4.745282734,2.311480113,0,1037.700145,0,21.43181992,0.32058108,44.601,124935.78,39.299999,28.28893272,19.81999969,99.7,2461.784689,7000,6.612440191
Brunei,0,,,,0.21222383,75000,127.3838084,27.1,10.74607853,0.047777802,0.073068183,-1.866418687,0.519975297,100,3317.634016,0,,,73.892,75047.805,,21.2163802,0.810000002,100,6920.833333,4000,0.378787879
Bulgaria,0,2167,Europe and Central Asia,16571.16915,0.43334258,45000,500.4301575,12,9.080233215,0.477777809,0.404100717,4.173595183,1.479474566,0,609.5342783,0.001054831,21.36304092,0.29220778,71.278,153814.17,33.5,30.3610213,7.539999962,100,3631.754556,7500,6.821650816
Comoros,2,,,,0,1500,554.9369098,26.4,6.674600411,0.11671,0.377,-6.907755279,3.328363716,100,2074.953351,0,,,27.867,32813.176,55.400002,4.056139148,50.86999893,55.7468071,3562.210526,2000,12.68421053
Croatia,0,,,,0.28865457,45000,339.1925731,12.6,9.388083926,0.50111109,0.277087561,1.576062096,1.267474474,0,999.7083799,0,20.45000076,0.22315209,54.651,88137.648,27.5,42.33195016,12.35000038,100,4861.591058,7000,9.426535088
Cuba,0,,,,0,6000,127.844245,25.9,8.595439045,0.236666694,0.084139991,-4.758161089,0.528300638,100,1329.561973,0.056315701,0.074359998,0.083493061,76.32,34902.004,,9.377891378,18.73999977,97.11227417,7149.858291,800,0.14893617
Cyprus,0,4236,Europe and Central Asia,39894.67897,0.48680243,12000,327.8602277,19,9.844243957,0.35081,0.2679214,-6.907755279,2.718278459,0,515.6090417,0.08674591,4.875,,67.982,52131.305,29.700001,52.71496651,4.389999866,100,1086.220472,8500,20.62992126
Czechia,0,,,,0.27456766,25000,478.1134526,9.4,9.657661606,0.498175,0.304897651,6.181579722,0.883696794,0,663.4879645,0,23.78947067,0.1273673,73.463,423545.91,25.299999,23.19831219,3.579999924,100,1188.152435,6500,26.91954834
Denmark,0,4942,Europe and Central Asia,53724.07833,0.26412976,8000,58.99625642,9.3,10.27831148,0.622222185,0,-1.986678541,0.188519583,0,707.8579188,0,17.41922951,0.013046437,86.293,23064.273,24.200001,51.64782087,2.960000038,100,0,5500,12.98284024
Dominica,0,,,,,,389.8347711,23.2,8.663613635,0.147777796,0,-6.907755279,0.002897837,100,2640.527273,0,,,67.203,0,44.599998,24.64863338,,90.15726471,,1500,
Equatorial Guinea,0,,,,0.000682434,135000,514.4425499,24.9,9.985098584,0.0222222,0.217853009,0.407674629,0.55949121,100,2237.885169,0,0.50999999,0.16125846,61.1,64910.355,,1.217008423,37.88999939,,5565.143312,3000,3.429936306
Estonia,0,,,,0.051599383,8000,85.41603989,6.8,9.683651568,0.655555487,0,4.055901584,0.122628319,0,629.2828445,0,27.6884594,0.031543154,68.479,71016.797,32.299999,36.85884656,4.78000021,100,0,3700,0.905882353
Fiji,0,,,,0,3000,246.4680898,24.7,8.305170576,0.200000003,0.087409029,-6.304742213,1.395932275,100,2565.519077,0,0.100000001,,50.657,27676.584,40.5,14.57144907,27.06999969,88.9,4270.757991,800,2.577981651
Finland,0,,,,0.054682598,8000,192.5372806,3.3,10.20493485,0.711111128,0.014901369,5.942376459,0.327655013,0,560.9498671,0,28.34980011,0.092416815,83.168,139112.22,25.700001,32.84420014,4.539999962,100,0,3500,0.091840982
Greece,0,,,,0.47202781,45000,513.863847,16.3,9.82945697,0.433333308,0.384286707,-2.513813878,3.102582079,0,697.901948,0.064708114,10.11569023,0.24838734,75.199,29282.418,32.599998,49.18389318,11.32999992,100,1826.554163,8500,7.683807905
Grenada,0,,,,0,6000,212.8588085,26.9,8.783160694,0.134111106,0,-6.907755279,2.088413396,100,2021.037647,0,,,35.883,27655.574,44.400002,27.12235003,,88.50760651,,2000,
Guyana,0,,,,0,15000,242.2541804,26.1,7.9644641,0.055555601,0.074362285,4.103112842,0.272567369,100,2030.701569,0.012492326,0.073129997,0.32392231,27.343,206985.58,46.5,17.20006323,21.29000092,78.56044006,6663.286696,3800,0.28669632
Hong Kong,0,,,,0.51560038,,479,23.6,,0.2588889,0.15,,,,,0,,,100,,40.400002,61.53678026,0.180000007,100,,5000,
Iceland,0,,,,0.082023896,1200,537.7301434,2.9,10.22310476,0.722222209,0.440626732,-0.878479382,1.472476883,0,1178.292702,,,0.25014958,93.278,40266.336,28.700001,61.1659234,5.920000076,100,0,1200,0.378494624
Israel,0,9975,Middle East and North Africa,33784.07315,0.4972209,40000,322.2822521,20,9.886393943,0.347777814,0.31580218,2.369821292,1.705330823,0,298.5728774,0.210976481,3.357140064,0.27120548,91.641,159095.3,36.700001,44.90344218,1.529999971,100,1346.523316,10500,7.470905172
Kiribati,1,,,,,,2,28.8,7.245095393,0.0138889,0,-6.907755279,,,,,,,44.866,343099.75,,4.143918282,,67.47807312,,,
Kuwait,0,,,,,,143.6148387,26.7,10.37278414,0.325555503,0,4.10453076,0.245355265,0,108.7902043,1,,0.091956414,100,53966.668,,21.49420591,2.589999914,100,0,10000,3.404444444
Liechtenstein,0,,,,,,,6.8,11.15824906,0.523333311,,,,,,0,,,14.629,,,55.59246955,,100,,8000,
Lithuania,0,11461,Europe and Central Asia,25885.00745,0.10501159,8000,129.9740753,7.9,9.385153077,0.622222185,0,5.038274984,0.175015671,0,663.1751531,0,26.23683929,0.043404464,66.777,202949.22,33.299999,24.5302518,11.32999992,100,0,3700,1.117619712
Luxembourg,0,,,,,,376.1437525,10.5,10.80173507,0.549444377,0.05611111,5.549888984,0.881267857,0,851.9090317,0,,,87.409,219019.25,27.6,52.26198372,1.850000024,100,1128.234043,8000,24.44680851
Macao,0,,,,,,,23.7,,,,,,,,,,,100,,,35.28426536,0.400000006,100,,,
Macedonia,0,,,,0.33813697,45000,845.8144569,11.1,8.670574316,0.461111099,0.861226858,5.147232907,2.664513731,0,641.5208091,0,21.13636017,0.15547219,57.264,167863.64,34.700001,22.44757256,18.25,100,1696.19697,7500,6.730964467
Malaysia,2,12087,East Asia and the Pacific,19546.98372,0.28140041,75000,306.8639365,25.8,9.260636726,0.02164,0.221734793,1.184941731,1.008728607,100,2948.031732,0.000812668,0.036540002,0.24348031,68.36,87819.164,41.400002,16.27971469,14.72999954,,5766.704233,4500,1.116770071
Malta,0,12118,Middle East and North Africa,31161.9247,,,108.1438399,20.6,9.686168298,0.394444406,0,-6.907755279,1.527308769,0,518.0995146,0.300665587,,,93.857,180701.11,27.5,56.49917127,1.820000052,100,3786.25,8000,71.75
Marshall Islands,0,,,,,,,27.9,7.904952156,0.0727778,0,-6.907755279,,,,,,,72.126,1175922,,,,72.3,,,
Mauritius,0,12259,Sub-Saharan Africa,14909.17086,0,500,242.944709,23.4,9.217580648,0.224111095,0.171262633,-6.907755279,0.949031754,100,1805.454508,,0,,41.889,136198.3,38,29.23780016,9.430000305,99.0313797,6873.038462,362,0
Federated States of Micronesia,2,,,,,,2,25.9,7.317273284,0.0727778,0.246666667,-6.907755279,,,,,,,22.317,367652.06,43.200001,8.326950327,,58.960186,,800,
Monaco,0,,,,,,,14.8,11.14769924,0.482666612,,,,,,,,,100,,,100.5068791,,100,,8000,
Montenegro,0,12741,Europe and Central Asia,16202.75771,,,1086,10.6,8.997319511,0.522222221,0.858315333,2.315631523,,,,0,,,63.139,63915.188,38.099998,28.4541324,8.649999619,100,793.8082192,7500,3.651672434
Nauru,0,,,,,,3,27.8,8.40145375,0.2444444,0,-6.907755279,,,,,,,100,1085174.1,,18.28896566,,99.8,,800,
New Zealand,0,13267,East Asia and the Pacific,38041.48018,0,1200,520.7824328,10.8,9.943640334,0.455555588,0.373648251,-1.979734767,2.03817537,0,1667.953902,0.012949152,15.09043026,0.16498537,86.34,63088.992,32.099998,41.26754115,6.920000076,100,599.6415634,800,0.115163148
Norway,0,13611,Europe and Central Asia,62952.06579,0.23405141,8000,570.888189,2.8,10.67155923,0.688888907,0.526508108,0.673807267,2.409123541,0,1033.532368,0,28.11960983,0.28632277,78.234,42804.172,24.700001,42.12749836,2.859999895,100,0,5000,0.886785839
Oman,0,,,,,,303.755851,26.3,9.810876709,0.233333305,0.139937801,2.388070517,1.108614874,0,59.24551555,1,,0.2024053,73.527,187372.81,37.400002,11.09911417,8.430000305,100,0,7600,0.477899116
Palau,0,,,,,,121,28,9.09390114,0.0727778,0,-6.907755279,,,,,,,72.655,44447.031,46.900002,39.01242301,,98.45510101,,800,
Paraguay,0,14265,Latin America and the Caribbean,9192.186585,0,12500,192.4040749,23.6,8.179248251,0.2555556,0.006818361,6.845929771,0.245442361,57.03390164,1081.062553,0.251976788,0.128869995,0.092619903,58.286,949565,48.599998,6.575323831,28.67000008,96.452771,7494.549872,4000,0.390678158
Romania,0,15490,Europe and Central Asia,19868.87673,0.24640064,45000,427.6017332,10.6,8.900708889,0.511111081,0.344100189,5.141660928,1.266616264,0,626.1822989,0.062673435,24.65179062,0.26143494,53.436,326390,33,20.99439156,29.53000069,100,3723.636364,7500,8.12539204
St. Kitts and Nevis,2,,,,,,211.446553,25,9.390670796,0.191111103,0,-6.907755279,0.006456274,100,1419.907975,0,,,31.744,0,41.400002,42.8021265,,96.99584961,,1500,
Saint Lucia,0,,,,,,186.164732,26.8,8.691816376,0.1503333,0.04375,-6.907755279,2.146726936,100,2060.094086,0,,,21.084,81101.734,45.599998,23.67468191,16.53000069,92.78979492,,1500,
Grenadines,0,,,,,,315.8010223,27.7,8.622373302,0.1503333,0.65,-6.907755279,3.070935816,100,2351.877419,0,,,47.794,0,48,21.12737057,13.27000046,88.79,,1500,
Samoa,1,,,,,,421.7709245,28,8.066104896,0.148333296,0.2745,-6.907755279,1.677232894,100,3777.363965,,,,20.75,37157.859,43,,35.81000137,92.91345215,,800,
San Marino,0,15832,Europe and Central Asia,88152.57833,,,433,13.1,10.31217382,0.439424,,,,,,0,,,95.007,,25,70.11941589,,100,,8000,
Sao Tome & Principe,0,,,,0.004549557,500,3,24.2,7.299349576,0.0111111,0.22,-6.907755279,,,,0,,,61.52,76869.359,35.400002,4.602525556,26.47999954,58.09634781,,3000,
Saudi Arabia,0,15846,Middle East and North Africa,43865.90637,0.38650131,40000,669.8121557,25.8,9.736438773,0.277777791,0.116762276,5.233874338,0.913948397,0,94.65135066,1,,0.37462962,81.427,320099.25,50.400002,15.86684115,4.289999962,100,0,7600,0.845906687
Serbia,,,,,0.34072292,45000,473,11.6,8.547499437,0.44046,0.517543855,5.553221412,,,,0,,0.36794126,54.328,271233.56,34,32.8902555,20.80999947,100,4223.523174,7500,9.779232928
Seychelles,0,16020,Sub-Saharan Africa,21603.1959,0,200,171.7442807,27.4,9.217342148,0.048333298,0,-6.907755279,4.885415704,100,2057.194079,,,,52.285,27602.846,39.900002,25.22200515,,96.30476379,,2000,
Singapore,0,,,,0.050185502,75000,47.27309681,27.2,10.39157122,0.0135556,0,-6.907755279,0.016465543,100,2414.642957,0,0,,100,0,39.299999,40.66281835,0.119999997,100,8412.571429,4500,1.142857143
Slovakia,0,,,,0.13728383,25000,481.8329762,8.2,9.51564094,0.537777781,0.600173608,6.364071136,1.559729479,0,746.7636917,0,25.40833092,0.15219977,55.261,572241.13,25.200001,24.26563694,4.210000038,100,2189.203725,6500,16.68917346
Slovenia,0,,,,0.26550213,45000,592.8503892,10.9,9.817082399,0.511111081,0.680121214,5.041674517,2.49580273,0,1183.109164,0,23.67778015,0.31606373,51.983,85432.539,23.5,49.97987196,9.890000343,100,2565.237537,7000,11.30791789
Solomon Islands,2,,,,,,274.065113,25.7,7.037710256,0.088888898,0.266358192,-6.907755279,1.539632891,100,3257.06332,0,,0.073294453,18.694,21186.145,43.299999,1.584940626,47.65999985,12.9,3983.555556,800,0
Tonga,0,,,,,,97.55427307,26.2,8.15275487,0.222222194,0,-6.907755279,0.772894302,100,1841.400844,,,,23.227,204682.8,37.799999,20.50477184,28.73999977,90.56422424,,800,
Tuvalu,0,,,,,,1,28.4,7.923162486,0.444444388,0,-6.907755279,,,,,,,51.743,998566.56,40.599998,12.71891204,,96.7,,,
Vanuatu,1,,,,,,324.9795991,24.6,7.850107819,0.177777797,0.33604233,-6.907755279,1.728890087,100,2605.047701,0,,,23.687,33445.219,40.400002,4.018735875,66.06999969,33.62462006,,,
United Arab Emirates,2,,,,,,138.7171951,27.7,10.40039546,0.26666671,0.055030442,3.036787829,0.768834748,0,72.45623324,1,,0.13579993,83.023,64342.836,,22.46003218,4.389999866,100,0,7600,0.315265487
Vatican City,0,,,,,,,,,,,,,,,,,,,,,,,,,8000,
Palestine (British Mandate),,,,,,,,,,,,,,,,,,,,,,,,,,10500,
Hungary,0,8600,Europe and Central Asia,25795.26227,0.28766334,45000,174.9810662,11.6,9.341802915,0.522222221,0.031376543,6.126601506,0.346406086,0,587.3253086,0,22.70232964,0.10640769,67.421,456766.72,27,32.42803953,4.590000153,100,5454.954688,7400,10.70819774
