x1,x2,x3,x0,x4,x5,x6,x7,x8,y
56.590866,-15.164974,-71.868156,-24952.783,1,29.327799,1122.8682,-5.5564809,122.0285,-74025800
10.90761,-42.359173,-8.4572306,-24962.082,1,90.882484,960.58179,-17.387789,-65.950005,-167792768
34.974998,42.709808,-15.151949,-25028.438,0,-70.219116,986.54913,38.034069,-98.859238,136613888
99.80912,52.481998,40.754562,-25033.973,1,180.03848,889.92377,38.879425,-25.005102,-285234944
26.966738,23.60549,-16.185902,-25025.1,1,85.627213,922.80878,-10.622915,64.085014,-145910784
63.716759,51.506203,15.531465,-25007.744,1,158.39368,974.47577,35.978577,142.02362,-300894496
75.529305,0.14125858,-2.3000944,-25017.771,0,-4.8544812,1058.1572,3.1070199,-138.70454,10802966
1.5100518,62.559162,-6.6189551,-24959.76,1,77.126106,1056.0508,27.197603,120.44662,-172103616
78.116982,18.364002,43.511356,-25017.477,1,127.9757,899.68646,22.156967,-76.462708,-207246080
51.8069,65.957451,55.555351,-24927.988,0,-48.122025,1032.7302,47.258884,135.37347,102577088
43.910774,-14.169709,-25.857948,-24981.676,0,-21.587355,1003.492,-27.385756,57.93425,43405160
70.032455,75.467575,52.584595,-24937.836,0,-53.633797,1039.5537,58.949932,134.44801,115853112
94.06443,-7.2841697,29.16893,-25001.232,0,-40.198162,936.62421,25.051912,-104.46812,70464368
61.389576,-21.373631,-27.965179,-25084.178,1,109.74072,1005.0775,-32.27586,115.81794,-221787984
13.332946,36.850201,88.204323,-25038.762,0,-71.31929,1014.1255,26.546276,8.0032768,146623952
41.595837,-11.157419,-0.35062695,-25004.9,0,-16.111191,938.71942,9.7572222,217.05528,28322160
27.298399,42.784435,-4.8458471,-24911.531,1,104.5294,978.16534,36.979027,235.53812,-200103504
1.996583,0.20437035,-44.726624,-24944.859,0,-39.711823,970.94531,9.2755995,122.98032,74802272
58.556553,61.611477,16.369162,-25028.129,1,107.87398,1097.9041,38.304279,-25.887539,-260133216
97.410057,10.801803,-22.952318,-24981.598,0,-64.664742,1009.9211,-6.7635994,-52.846378,131845000
31.426577,8.5613241,-20.05566,-25007.254,1,109.50509,1018.2431,26.377308,83.048409,-227148480
91.531776,63.72921,80.089005,-25094.396,0,-66.743042,992.91754,61.61063,9.3331385,131537160
20.862228,-47.549248,88.058289,-25021.439,1,54.829479,989.36536,-5.7486529,-84.667366,-107413360
41.151573,40.944218,44.970436,-25065.369,1,72.437805,977.00482,26.778395,66.207832,-138362848
59.055687,35.850403,29.514063,-24958.945,1,166.2039,1045.0808,45.064045,35.244022,-363126528
62.900101,28.329201,-23.959372,-25014.037,1,10.167819,1028.6527,22.641567,-120.55438,-21587776
53.471786,-49.768394,-7.1805949,-25029.82,1,97.290512,1007.2754,-9.695365,42.936291,-197495200
34.902725,16.588676,54.930611,-25090.703,1,27.559755,1062.2356,33.715088,66.519241,-62267096
91.304596,-43.36824,-39.284416,-25013.883,0,-68.825272,1033.1794,-32.593361,-63.049217,146871872
14.179324,17.768095,24.01392,-24969.984,1,13.821756,1012.3448,0.54254752,-18.526505,-28404036
40.606865,26.665867,56.087605,-24942.219,0,-73.85865,959.35583,15.439378,-30.17399,135882624
87.109505,-10.02349,49.525555,-25027.906,0,-72.792427,1008.9512,-1.4987102,-58.474174,148137536
70.130646,-26.701689,-11.148437,-25024.488,0,-43.719414,973.3656,-13.566183,-32.063705,82774664
42.033287,3.9148684,23.877863,-25038.842,0,-30.770653,989.97583,31.523499,-55.020588,60241888
28.642506,3.5795102,-17.457094,-24925.643,1,127.95702,932.89478,-2.6803811,61.33696,-222794960
17.955849,-16.41321,5.4453669,-25035.225,0,-61.626247,1080.9459,-9.3809366,81.552559,143940976
89.829529,24.028439,53.465149,-24989.125,0,-49.154491,1061.604,22.858055,8.3169193,110729544
28.60738,24.473585,23.155003,-25064.064,1,135.72285,981.37561,26.004333,-155.04568,-261504192
79.47937,-22.462585,35.679855,-24935.848,0,-62.043987,1018.5477,-2.0704274,-130.32756,128667312
89.730927,53.943245,42.328545,-25020.197,0,-50.094154,1003.6407,19.888235,25.210751,100854008
35.042473,62.159744,-6.91365,-25043.346,1,81.496986,985.15533,42.015926,148.31401,-158264752
21.728039,5.3886127,42.151653,-25065.75,0,-57.189072,1056.3685,14.627404,48.431877,127563520
87.150688,14.699084,-2.0587761,-25001.574,1,38.013863,1054.5952,-20.468641,-23.247236,-84622664
88.688316,1.5298709,27.27837,-25028.355,1,70.691422,1009.6948,0.11592953,102.26575,-144204624
54.484974,1.6933974,-2.9617612,-24975.691,1,91.709206,1061.6033,-8.4958324,-127.71498,-206785008
9.821887,-46.028004,-13.924016,-24931.17,1,90.662766,1003.6018,-34.951187,-46.64497,-182709040
89.57666,-77.12664,-66.459,-25111.148,1,171.80299,1107.3315,-48.27541,7.8798962,-421392576
86.225212,-30.172394,-47.951157,-24940.1,0,-54.745129,995.77429,-1.689415,75.175171,108501392
17.66806,-79.083832,-40.756294,-25006.146,0,-58.0536,1034.9409,-54.06102,-47.8997,124290024
85.937584,20.649691,-22.705589,-24986.242,0,-48.451321,1034.3246,-8.6740313,-96.277313,103603384
79.806633,41.29401,47.98177,-25071.592,0,-43.361004,1040.5796,36.068752,68.747673,93836056
10.031425,63.919823,32.198174,-24995.631,0,-48.533443,1055.8391,62.426933,49.728661,108136808
84.978096,78.927101,-15.42666,-24954.883,1,142.70618,1090.1863,41.216602,142.91838,-339282944
1.7392164,73.478195,90.080162,-24994.383,1,138.88947,941.24609,56.470406,-13.234217,-246172656
12.783957,-32.3241,-61.321243,-25011.525,1,46.340836,987.49127,-7.720324,-156.96156,-90451984
64.61512,28.725569,12.088699,-24966.854,1,119.77614,995.10272,22.590345,95.329109,-237283136
60.807793,8.898612,66.4608,-25069.326,1,136.15225,1069.8553,9.2752228,32.193405,-311749536
34.303352,33.009998,9.3173094,-25060.949,1,125.21043,1009.2188,15.418884,148.3741,-255134032
7.3046246,74.482903,74.413185,-24998.58,1,27.643431,992.90381,61.066929,20.155148,-54579260
91.365646,23.937408,14.902608,-25087.371,0,-9.6553402,983.83813,21.011202,105.7001,18625844
53.039463,21.323381,51.257828,-25057.027,1,107.35398,972.35284,30.781733,-65.697647,-203072832
43.051487,40.76593,39.817711,-25058.877,1,93.930611,1046.277,29.608982,91.226517,-205724416
20.491158,22.163704,-8.4429407,-25041.961,0,-87.764595,1002.1437,19.946562,178.8158,176210288
36.261158,2.9798813,-24.325422,-25049.826,0,-36.97789,1013.5373,-22.487082,7.4845572,75899488
9.5723619,31.069099,13.948648,-24998.016,1,71.376038,1060.2201,22.290491,51.189629,-160537648
91.330917,62.33736,40.743206,-25033.969,0,-46.787312,970.00397,33.875965,-102.8002,87980104
13.205905,15.494417,43.947506,-25034.418,0,-48.013863,1066.6722,12.171915,112.94727,109186320
16.448555,-58.289581,-1.859386,-25011.049,0,-65.543686,861.28094,-18.293165,-131.77647,97168432
90.563362,9.372221,-21.863073,-24937.135,0,-59.397392,997.81769,-4.7557359,-28.545654,118212232
32.666168,-39.342972,-16.442225,-25058.324,1,81.422813,973.07697,-17.473106,-60.115067,-154269328
19.062674,9.1309443,-9.9618292,-25017.719,1,143.90892,871.69952,-0.82121366,-90.187439,-218777152
67.197472,-22.770651,5.4296522,-24951.398,1,22.590601,889.46222,-23.821602,-51.616436,-35814480
39.621506,-1.0840299,-11.387029,-24955.527,0,-32.984028,1035.6176,-17.842009,-112.78298,70679312
8.5048895,37.410904,87.921822,-25046.734,1,41.805515,1081.4526,38.707977,-62.513332,-97860952
59.304676,1.6930716,13.363151,-25013.008,0,-43.168617,1019.8901,-7.1079106,120.69675,89736160
55.432117,-16.372673,-29.768635,-24944.041,1,92.603355,1030.2245,-32.852551,142.75125,-196643472
45.880032,36.73806,-5.9089394,-25008.881,1,17.36487,1030.6442,27.268587,107.82135,-36962928
80.43911,16.599268,60.868996,-25045.234,0,-55.76469,1051.0099,-3.2703195,52.128311,123131104
70.185707,-19.188145,-27.912033,-24989.834,0,-36.179882,1006.8776,-20.138304,-42.93856,73290104
67.779617,18.643312,29.382292,-24975.84,1,3.1618423,984.45428,16.048515,-93.69693,-6197900
0.61669606,15.37338,44.50671,-24972.607,1,149.37398,960.87512,26.843975,-94.198799,-275904416
82.874443,-47.401863,60.555275,-25025.494,1,58.116093,1082.5316,-13.493174,-31.955633,-136277440
32.886539,33.424511,85.046257,-25021.76,0,-41.249313,909.92188,17.033194,64.93644,68233040
13.462422,-10.752644,-28.575697,-25062.32,0,-43.691494,1058.9775,-3.07231,-11.072697,97921000
11.869467,55.819401,8.5076151,-24901.609,0,-43.431095,988.39124,21.007278,7.9394202,84784336
35.796288,29.45447,10.448133,-24931.186,1,130.19527,1019.2769,52.062031,-99.807655,-270600704
98.372055,-12.351843,-2.8977396,-24913.117,1,134.07997,1044.6758,-24.026434,7.3617234,-292721600
83.491776,6.0310321,59.463352,-24921.1,1,121.5642,1020.3666,15.626172,86.096848,-253201168
27.65592,10.211797,28.560408,-24953.184,0,-25.195963,982.10547,3.7040515,130.88428,48531940
92.002892,31.362139,-3.1424837,-24975.127,0,-55.956707,1001.4603,20.687346,78.606384,112175992
5.9223738,16.319906,-11.371877,-25109.971,0,-71.507446,1055.8949,4.9423432,72.729446,159376256
43.143978,17.446016,-1.9257874,-25011.576,0,-59.394218,943.30884,26.643032,-4.5215712,105630464
76.056198,34.7668,44.971222,-24999.295,1,176.55711,952.43146,35.534698,146.51192,-320389760
23.456614,45.029007,62.498295,-25044.762,1,160.57791,956.83832,29.268391,74.900223,-294106784
81.249153,45.91806,58.332642,-24968.979,0,-64.366119,1047.1444,42.313385,146.64017,141090176
17.325924,-47.482334,12.374292,-25066.121,1,133.38069,959.54388,-25.568604,47.374252,-245689568
64.965385,33.649437,20.762999,-24931.064,0,-45.285156,973.81012,32.386513,109.07313,85819568
19.909029,85.537552,3.0354538,-25044.785,1,182.72614,1067.6118,39.236671,-22.096416,-416616992
87.418983,-29.607317,-4.4815259,-25045.945,0,-61.570404,1036.6414,-38.581028,-161.07924,132264792
57.508015,-43.963379,-18.269875,-24949.299,0,-39.478821,1000.8976,-12.890796,193.53381,79029600
28.104994,26.294147,51.743801,-24992.313,0,-59.338203,1064.5542,14.912433,-10.403654,134420944
45.622311,47.600121,2.6169643,-25087.83,1,43.288754,972.19354,17.345318,16.581238,-81902392
90.056938,37.211193,0.837677,-25028.65,0,-42.406979,1028.8114,-6.3077936,137.67697,89706360
60.994106,46.845734,89.806938,-24995.887,1,173.85339,990.99335,46.025078,119.12115,-341544416
87.330826,7.9519377,16.218626,-25064.074,1,188.91586,1027.976,11.342615,-85.393723,-399337088
43.12001,-14.833704,-28.726961,-25052.441,0,-39.754185,1008.9579,3.8095577,7.769166,80867624
33.907394,-14.116584,32.528839,-24990.461,0,-46.40136,928.65656,-5.119658,41.39114,79961256
36.156727,24.26247,54.679729,-25038.385,1,137.5836,984.27466,30.645456,3.0783629,-266655840
86.660469,75.731766,-10.172214,-24927.742,1,69.328445,993.88153,40.999344,-1.7760566,-137032576
49.857487,14.534385,-15.079765,-25006.414,1,102.73821,990.99969,1.3897485,83.949371,-201867360
23.979382,-1.3590099,12.040758,-24918.313,0,-28.902853,1029.1213,17.747459,127.9371,61148868
11.165995,36.002354,60.434761,-24993.215,0,-41.473053,1010.7681,31.079441,21.75168,84668944
11.092724,1.211126,27.39592,-25005.004,0,-65.558815,997.60431,8.7359457,123.86931,130417336
99.117859,-18.706928,-0.021387199,-24990.043,1,135.45297,1025.4355,-16.679201,37.7113,-284928544
47.862545,-4.7675333,-3.8583953,-25029.885,1,101.38391,1003.3993,-0.098727249,-60.956177,-204221920
37.756302,29.71397,28.385925,-25062.58,1,114.10484,1038.8887,15.732794,155.30951,-246378688
48.413429,3.0443172,-45.9105,-25007.398,0,-31.378302,916.59369,-1.030284,23.486275,52653396
55.499443,23.668434,-11.350288,-25020.164,1,102.68585,1033.1989,23.08338,41.729797,-219306656
12.794356,5.4435878,26.52191,-24984.682,1,88.564857,1033.0378,-0.10909399,110.18451,-189102000
88.099823,-56.231495,-9.4054222,-24928.34,0,-81.850121,1082.5516,-20.935165,16.271761,191778656
21.42931,71.103722,32.187927,-25010.684,0,-37.467667,1027.0381,56.019897,-88.302345,78969448
60.380997,7.4556532,33.577068,-25008.488,1,65.693665,1054.1919,-18.331528,104.19592,-146084656
49.269226,39.593121,29.36548,-25038.25,1,154.49451,952.72424,23.969429,79.492722,-280538144
97.606949,-9.590992,19.291771,-25028.453,1,129.30521,1000.5842,-12.915439,-68.255081,-258979056
41.072678,-5.1368408,-39.855129,-24920.799,0,-63.48027,1033.6133,6.8996358,-126.77677,135568128
91.461571,4.0787215,-13.217498,-25009.254,0,-27.757368,1060.4325,-11.526108,70.013611,62362172
51.68029,26.9667,-13.715771,-24993.676,1,-5.4458203,910.90442,28.24515,48.023895,8966091
79.934288,-7.0763884,16.98597,-24916.551,0,-66.248413,1047.4476,1.3955147,30.401581,145302208
28.472527,34.766315,-17.169239,-24908.816,1,86.727921,975.87268,22.052301,-43.261158,-165260896
81.346848,2.3470314,43.9189,-25040.469,1,179.95564,1065.7063,10.173386,-67.305099,-408832064
67.825119,59.520412,18.61142,-24997.555,1,74.706001,984.23938,22.423325,154.48131,-144809904
31.463602,13.650226,10.483351,-25001.088,0,-50.167198,1006.8707,19.467848,-77.276695,101645728
97.796921,22.005028,7.7217784,-24963.615,0,-62.993843,1032.0563,21.756971,-137.61586,134131304
94.194336,-5.6181288,-50.101833,-24947.744,1,128.79086,1000.3616,-28.010687,24.877205,-257834848
63.3834,32.488323,0.85108036,-24974.459,1,3.1810915,1016.0393,34.765709,310.54977,-6637736.5
90.942307,16.182163,-24.760683,-24987.129,1,79.145187,968.02704,3.9361606,55.010124,-148396960
87.269493,60.215576,76.913925,-24973.605,0,-49.789471,972.31726,60.659271,202.20222,94076544
2.9501035,28.125256,-43.640659,-25013.309,0,-76.687988,993.89508,1.2232593,64.05925,151436192
84.809662,-25.17137,-26.151054,-24953.303,1,89.262733,915.18842,-2.1259675,-132.57086,-149595552
60.599174,-26.107393,1.7976632,-25016.832,0,-58.32296,1012.56,18.832703,72.173027,119525064
53.005936,31.700897,14.768285,-25096.477,0,-64.86834,1019.1696,8.2271929,140.9008,134687952
76.178932,-26.407665,38.496651,-24995.598,0,-53.772514,1042.7042,-14.358938,40.759827,116859168
0.081016995,-18.39138,-18.92775,-24991.24,0,-23.856255,954.6344,14.935241,94.899467,43408132
97.220215,44.349049,43.702862,-24985.732,0,-48.097351,1050.4658,36.67424,44.957031,106085136
63.569374,-28.423368,-1.3221291,-24980.053,1,99.187912,1029.579,-14.47691,28.199854,-210356160
71.644035,-17.468342,-28.230242,-25048.02,0,-67.312996,1026.2651,-7.9496708,329.43018,141722912
74.724464,6.7239141,66.302597,-25013.262,1,93.244514,981.61871,21.446852,-14.50619,-179765984
66.339447,8.9037523,18.600685,-25117.795,1,134.50945,1061.1613,-3.3522131,-89.248421,-303004096
64.637421,19.997477,-16.330225,-25012.871,1,88.606323,1005.6614,33.071102,73.529037,-179295936
50.907883,22.62632,-20.772188,-24963.426,0,-52.874729,986.22864,-1.5951899,-76.290672,102786456
55.841244,-13.986162,-19.560942,-25096.963,1,138.20947,997.07898,4.7285919,48.410633,-274879616
74.519035,-8.1926384,-29.323771,-25081.48,0,-23.288137,1063.4667,-39.569324,-30.483194,52607792
75.366562,-10.99618,-58.345963,-25006.359,0,-48.472183,981.33612,-2.2165539,23.71401,93291888
92.899544,52.023781,42.190533,-25056.314,1,69.173409,1019.5103,47.32127,26.565176,-143864304
99.776459,28.170944,15.685874,-25004.922,0,-62.198902,950.7962,17.565578,33.582161,112394208
90.172913,51.812782,101.82695,-25060.639,1,120.68992,986.88745,42.455536,-8.6536198,-235158912
1.9369909,-2.1918843,42.589931,-25021.389,1,158.54918,1059.704,0.45942065,3.6458061,-356169024
66.685669,9.7489109,66.360802,-25123.75,1,61.93264,963.25854,22.955637,-80.936058,-115001304
51.336418,34.493176,30.418341,-24986.354,0,-56.606018,1048.8699,33.978558,-117.78657,124477408
70.009758,29.254936,58.346691,-24976.398,1,138.1738,864.51843,35.890522,-143.89546,-206611152
74.356819,53.632965,95.093361,-24997.857,1,167.45856,1045.5502,97.037865,133.37685,-366193888
43.734684,2.4726889,-38.48711,-25046.371,1,58.65226,1059.2433,18.342426,173.4191,-131688192
77.778862,27.109377,-40.565304,-25046.373,1,51.337605,1025.0431,0.081271663,46.514622,-107950952
54.713264,-12.455263,-37.714417,-24964.723,1,113.54873,885.96545,-5.1457438,-24.575815,-178329296
52.898743,-13.369794,-14.393515,-24932.021,0,-31.727942,953.64026,5.7023654,-27.19899,57638204
7.143445,-30.511831,-60.495674,-24987.236,1,86.069443,984.95984,-19.86524,55.37981,-167074928
45.348919,-38.680428,24.722181,-25026.943,0,-57.688053,962.94513,-5.946876,16.558262,106912936
62.713688,8.1147203,10.073396,-24912.273,1,101.45448,943.98822,20.818489,-85.721214,-180886256
95.021248,-0.52450752,26.252373,-24993.898,0,-77.773026,967.42255,18.240145,72.456993,145512832
52.304623,-21.296984,5.0345197,-24984.047,1,97.905998,984.78113,-2.4687865,11.252459,-189969888
86.192146,29.41188,58.002029,-25013.914,0,-28.361557,981.89624,29.529394,95.50312,54621788
70.087547,34.871536,29.080082,-24953.504,0,-43.938679,1020.9919,3.8785529,165.93925,91537336
41.254211,11.029672,42.923992,-24915.748,1,65.864716,1061.3362,-9.4418602,36.156918,-148457456
73.234177,-29.446768,2.3137183,-25099.834,0,-60.060379,1067.8076,17.961922,130.18077,136895376
36.502583,11.884809,37.101784,-25027.18,1,202.02249,930.06525,19.844877,22.943462,-349583296
41.008511,22.15777,-27.510822,-25044.789,0,-45.863091,955.94507,30.421724,-116.02786,83750520
79.907486,65.030617,22.14888,-24983.088,1,48.484451,974.23834,40.735256,-109.06907,-92105304
87.042961,17.407692,40.503502,-25030.588,1,138.73259,1006.6089,15.371715,-72.526375,-281213280
65.63475,-16.993151,18.753452,-25047.572,1,152.59004,873.62445,-9.8409948,-45.906563,-232991600
55.661816,50.865402,26.140045,-24953.699,1,132.14532,973.81757,27.180952,-157.01427,-250704960
30.789305,23.295805,26.850435,-24962.012,1,134.79037,991.80096,9.241766,-16.266468,-265253120
49.42907,26.8512,81.664902,-25070.6,0,-29.279951,991.76056,29.709349,98.057632,57527632
70.046837,-4.7394505,-19.423998,-25055.604,1,20.118757,941.28839,1.0295415,163.63661,-35720920
77.423737,16.299654,37.30154,-24938.393,0,-62.018826,1019.3943,4.3050809,-94.598846,128828800
14.986843,43.151569,48.577381,-25023.465,0,-53.457436,1046.333,19.559118,-74.839302,116978864
4.2120042,-16.72378,-41.619682,-24974.285,1,85.315819,1011.5327,-39.120735,87.370453,-174665088
0.4186258,13.645348,78.299599,-25010.832,0,-20.803896,966.81244,43.426872,152.26419,38818252
52.832539,114.39922,105.43102,-25009.023,1,72.915283,1038.7306,61.139,-13.483764,-157417728
14.31569,-2.9943423,76.780823,-25043.293,1,98.387596,1089.4054,21.975153,55.113102,-233608816
94.794876,-29.842812,-31.574902,-25046.209,1,109.55524,981.42822,-13.395197,121.05875,-211114256
4.1165304,-16.753838,-43.07972,-25033.984,0,-64.852829,1020.4464,-25.95714,34.168968,134990896
58.611694,-3.0716169,4.3962889,-25030.795,1,108.11983,994.87079,-6.6354575,-65.898804,-214099248
36.336842,-27.213192,52.288757,-25046.219,0,-54.154198,959.54755,-22.276588,49.074554,99651000
34.29055,25.994701,36.638622,-24943.146,1,60.69445,1118.3379,11.203267,136.26006,-151891968
24.019745,-9.1547756,-43.831635,-24991.119,0,-57.100426,994.50891,-7.3412423,-88.763725,112877672
79.540764,19.82354,22.384329,-24924.502,0,-45.411507,967.27057,27.751232,72.124237,84908424
28.549171,6.7226534,25.598799,-24921.064,1,67.865417,997.32526,8.9610758,-151.56178,-135079584
9.8002567,61.752316,33.407497,-25002.357,1,95.783363,993.13574,8.3159428,149.03758,-189021072
41.527454,1.5226125,30.133018,-25114.68,0,-65.293129,959.26697,2.9097197,205.63422,120092992
62.388397,16.010658,-15.978498,-24951.951,0,-40.584805,949.69031,-2.5896766,48.493065,73138496
93.614143,61.585014,30.545456,-24990.119,0,-31.929308,1036.5433,38.564087,196.74078,68546520
62.334518,9.0809517,-14.391772,-24974.047,0,-29.528601,975.24371,-2.1525404,-83.130058,56099788
30.400921,52.240726,33.20779,-25088.73,0,-74.283867,1049.215,51.337158,-63.86311,163479008
40.500378,-30.400454,-14.968381,-25069.879,0,-39.744171,919.89508,11.897024,-3.9702632,67191632
44.026638,-36.952435,-23.29771,-24959.539,1,119.24293,1029.2388,-38.256256,120.95271,-252709408
83.907234,2.7613719,14.690793,-25001.203,0,-59.82373,1053.1924,-22.537594,32.050472,132648752
46.369896,-23.532385,12.574823,-25084.777,0,-56.993717,1100.7335,-5.3224568,128.08061,138037744
19.314024,26.72414,73.367256,-25048.543,1,124.67276,1081.3687,33.622673,-9.5046206,-291649664
24.608244,-7.1017523,34.850677,-24964.896,1,39.225788,954.01959,-9.7961855,66.340034,-71476792
94.042038,6.2495871,16.609247,-25000.773,1,101.0581,1019.0395,18.238214,112.72012,-209952400
68.33857,18.612345,-50.657368,-24991.68,0,-53.869221,923.75854,6.9699044,13.305015,91867960
19.745741,-18.713324,-6.0366502,-25063.479,1,46.052765,1120.7306,-12.729211,245.68471,-115762224
55.308731,-49.622902,23.245623,-24993.313,0,-40.949261,955.66528,-33.722157,-18.205288,74727344
82.039818,29.303122,31.091951,-25017.078,1,132.68437,1067.8809,32.636074,42.388813,-302687584
73.552032,-35.721035,-0.55866849,-24945.162,1,91.992432,994.36316,-42.316463,126.49332,-181986256
28.426489,68.363182,20.360142,-24984.818,0,-37.794945,1060.5481,38.265491,-7.039072,84948224
10.677135,-21.327629,-52.530849,-24934.91,1,94.131653,1061.8796,-17.754169,15.183359,-212358464
39.513344,92.446167,76.013451,-25031.889,0,-32.314552,1076.611,70.447075,-109.1089,74839176
2.9985166,-28.073606,-4.0436339,-25056.25,0,-50.103073,931.64929,7.1648273,-21.903984,86902600
8.5959311,19.520775,-8.4157629,-25037.891,0,-35.138763,1020.9003,15.481858,-87.058601,73172480
20.707695,29.28381,-0.83763486,-24983.754,1,81.962013,963.19971,16.235971,63.937603,-152155808
37.29401,-29.469128,-26.848228,-25064.26,1,122.63984,1016.703,-41.03566,-7.2312956,-253616448
55.727818,10.242225,-69.183899,-24973.576,1,52.491451,1099.2782,-7.3728971,-13.520621,-126934072
27.349888,5.704658,-39.181416,-25025.236,0,-74.082504,1073.9832,-1.5997888,87.461479,170827376
59.046814,41.417786,57.04974,-25046.793,1,152.88631,1028.4171,56.464928,-32.702682,-323470688
92.661934,89.42511,26.445824,-25053.492,1,54.962337,1046.3719,31.614355,-43.795734,-120422136
53.247505,26.322765,38.528042,-24992.496,1,162.64853,1057.424,39.978897,127.03059,-363802848
9.6636906,62.624969,29.12467,-25060.895,0,-73.497414,955.4823,30.644793,160.14656,134125480
31.918739,-15.760773,20.760071,-25001.617,1,71.779312,1059.5198,1.9259489,-16.700006,-161230256
29.82502,40.64502,-9.9412079,-25065.553,0,-39.951492,978.61261,7.9380364,-123.74603,76449072
6.3406868,-9.7162857,30.076475,-25054.75,0,-40.965755,920.64001,0.9226343,91.257874,69369848
35.8633,21.989601,78.255798,-24909.547,1,16.932957,972.17914,23.465094,154.01683,-32080406
30.406076,16.062969,-6.3584499,-24946.098,0,-41.439587,994.85852,13.082961,54.867035,81956920
33.076916,23.08576,53.78632,-25038.455,1,85.609253,880.0528,13.751107,14.146322,-132681856
42.051262,-36.2243,20.046486,-25058.738,1,73.264748,989.09808,-17.847578,53.555904,-143425424
77.340271,5.8023968,57.337452,-25036.891,1,52.003738,994.3454,16.556604,-100.66887,-102903384
17.328974,82.872414,55.650402,-25010.123,1,95.422188,1012.1437,62.265987,76.029076,-195582704
25.686243,22.418671,6.0609679,-24993.947,0,-59.141308,967.46552,12.650849,17.549107,110638920
22.523218,18.441608,13.541488,-24948.338,1,97.739594,1003.2224,12.950031,-54.376698,-196815712
67.082985,53.056908,54.578526,-25038.871,1,124.11116,1002.093,43.128952,256.86267,-249333856
76.247314,27.82571,15.609438,-25054.465,1,75.11718,982.84314,10.871152,24.100218,-145192880
36.652348,72.732574,40.29583,-24941.436,1,32.016624,966.87531,54.218582,-115.21366,-59934220
53.086498,-44.595421,-77.306053,-25024.861,1,126.18666,954.13538,-57.56292,-59.013592,-229827296
13.175653,17.89558,46.230282,-24983.645,1,52.043915,1075.9026,11.123519,-28.682367,-120562960
23.799212,11.951216,31.287642,-25067.047,1,69.468201,1032.1169,33.069202,70.836716,-148078688
87.355247,23.596809,-8.0838785,-25108.83,1,116.2644,925.49274,17.813904,83.741486,-199237888
78.951172,-47.361797,27.043272,-25119.025,1,166.31815,1035.2391,-12.469678,-16.589046,-356563488
14.702003,69.913055,3.9634664,-24963.18,0,-66.137177,1007.2684,34.780983,25.542433,134131616
48.641445,-5.8960762,50.551483,-24984.848,0,-48.509804,939.3974,19.278927,-106.70281,85545824
9.5449295,-29.984343,-59.739357,-24982.424,0,-67.509613,1003.7692,-35.416138,-96.673729,135966224
74.033508,-1.1464888,45.149868,-24942.068,0,-65.226715,1083.6835,1.1222982,111.3493,153133376
72.455147,6.6014357,39.494522,-25008.816,1,57.782951,1083.1848,12.682202,-83.650307,-135661712
48.133629,11.194135,-22.111414,-25009.789,0,-70.251053,1028.0093,-32.276604,54.963795,148412544
89.865936,1.2666475,12.607101,-24967.617,1,53.222809,943.16333,8.5542879,44.654659,-94756032
71.495979,45.474998,66.222298,-25068.275,0,-26.136602,982.83057,21.756636,138.73756,50425004
1.1901906,25.194662,38.812847,-24956.721,1,50.270985,958.87592,25.989422,-93.826393,-92517168
57.339039,8.2121763,-8.0872641,-25022.932,0,-34.831406,977.30548,7.4003582,-47.061596,66466584
23.953573,28.884001,76.012718,-24979.883,1,132.42223,956.0965,11.964559,68.346367,-242175024
49.675407,17.909723,-38.978909,-24933.898,1,80.798347,1006.6665,11.188354,-207.50887,-163830896
82.893288,28.653746,61.13335,-24967.65,1,95.016518,957.05981,27.166391,190.11436,-174131728
94.751755,-12.065418,1.7415607,-25030.664,0,-74.929535,1007.0969,20.17746,-7.2271237,151929792
96.79776,-4.9139552,-18.997128,-24807.332,1,166.61403,920.8042,-15.059542,35.385899,-282604064
34.47971,-66.683662,-76.880211,-25026.463,0,-51.825211,1011.3415,-54.00993,38.675255,105942840
33.580486,20.44417,11.38555,-24960.639,1,152.74673,937.57831,-10.147782,-100.5123,-268620000
30.975569,9.7566214,-21.726818,-24915.533,1,15.091059,921.46381,4.0216722,157.48749,-25700500
45.716248,-17.84458,4.4610486,-25031.611,1,124.11917,958.02844,-1.2004946,54.094227,-227911552
40.742981,-27.749289,-59.883831,-24977.256,1,52.727146,970.91107,-3.876204,168.16829,-99481400
52.724243,-23.777573,25.027315,-25040.922,0,-51.525986,931.66937,-20.804657,67.53878,89379368
42.891258,40.741398,15.060182,-25019.047,0,-68.517593,958.8064,21.591818,-53.886578,125906656
27.335249,-81.257637,-134.97499,-25043.4,1,139.74321,979.56787,-51.011116,-148.83942,-268257504
5.1008821,30.599775,25.008867,-24963.025,1,91.491112,1030.8655,13.994832,183.73058,-194527312
35.769382,-8.9132776,-3.0137205,-25057.393,0,-77.914215,1056.9313,-3.5826371,-108.82258,174004928
58.090607,25.570223,1.6576194,-25025.145,1,86.830269,1082.7731,0.004402655,110.82598,-203671008
86.34565,25.43429,15.468363,-24980.066,1,93.532806,892.94812,29.540712,90.590919,-149225856
87.780724,-63.806084,-2.2336457,-25000.336,1,70.323837,1019.6425,-23.600981,12.083497,-146294544
33.426792,21.680906,14.772981,-24926.336,1,103.09709,1040.683,13.546166,8.4103413,-223386704
49.399269,-45.695107,-77.160873,-24936.574,1,-19.975658,946.83331,-26.052387,45.747692,35745072
21.168411,30.23126,37.697964,-25036.242,0,-57.496433,1070.3163,35.258488,217.41335,131660560
89.081253,34.438686,32.026546,-25056.445,1,48.704868,1018.0762,19.530279,212.35451,-101030024
42.493141,-15.430058,-1.5279757,-24986.146,0,-54.679493,979.81921,-20.499905,-86.539017,104918368
42.991486,14.127316,23.912146,-24969.07,1,52.047718,977.55634,25.229673,-31.404621,-99548064
31.014265,79.273766,22.175995,-24961.957,1,63.823856,1014.4715,47.423843,-59.755581,-131442728
52.229031,53.023682,91.250824,-25002.842,0,-57.759502,917.51404,36.24081,35.698986,97177216
24.301678,-16.013397,-35.540298,-25053.289,1,50.060036,1019.814,-15.334507,-125.91928,-104201160
54.611969,4.7812304,-22.764053,-24987.254,0,-54.569511,1016.0652,8.9571486,83.695236,112603816
15.562891,42.585873,1.3555074,-25059.645,1,137.58435,1004.4689,42.579235,-23.090137,-277709536
31.821974,13.477799,7.7905951,-25118.951,1,107.13505,1012.0482,-7.4150376,76.147202,-219539152
70.908913,75.533157,19.954357,-24965.164,1,129.29086,954.07202,27.321228,-27.567648,-235445648
98.501205,22.583889,83.484497,-25007.965,1,117.76325,1066.5642,11.939888,-71.953224,-267991264
35.749786,23.250677,34.439274,-25127.32,1,110.56384,970.73566,28.300829,43.821671,-208449440
7.3149705,-48.131203,10.322767,-24992.625,1,69.463539,1106.6394,7.6033659,84.374924,-170211904
35.837311,15.034719,51.918972,-25089.502,0,-44.911922,1057.3848,15.931579,-93.064537,100356536
7.8575068,37.060268,40.897381,-25010.158,0,-55.140804,973.11047,-0.27096987,47.338242,104357424
81.927269,9.6219873,17.489359,-24935.555,0,-58.915012,977.48608,12.907001,-62.849979,112518000
13.824485,29.964094,33.402191,-25022.314,1,144.85748,932.9024,27.610178,279.30841,-252216960
76.020348,10.690312,35.488758,-24976.064,0,-32.564384,1086.0316,11.136393,131.87836,76749600
84.511971,78.142921,37.625618,-25011.754,0,-32.449306,972.61633,38.402199,43.465115,61326636
29.54545,9.2044754,4.3376298,-24969.166,1,185.80591,959.91937,10.572768,172.9496,-342495712
44.212734,-75.172043,6.5828199,-25033.283,0,-32.949314,1059.5314,-49.995636,-200.69862,73906744
93.250267,-8.4688063,-8.3399706,-25010.479,1,42.755131,923.13062,17.661798,-18.171791,-72935248
45.631218,30.716307,-6.814167,-24957.828,1,108.59658,951.33234,12.210024,75.922989,-196640400
11.191145,44.990349,27.661144,-24974.875,1,136.15912,1062.6692,19.753407,13.943475,-307595360
89.576202,26.454712,-1.2923067,-24988.52,1,122.71365,992.3291,20.010784,291.30518,-241744144
93.799042,9.9590721,-33.711319,-25023.924,1,91.534645,975.64117,26.462652,67.053841,-174325776
12.038591,-0.70313269,-17.173264,-25029.607,0,-39.850399,975.15381,3.0331481,126.08668,75716216
99.597778,-32.178551,1.3263474,-24857.898,0,-72.023102,946.38055,0.19055583,181.06462,128950448
35.712051,38.517658,-38.62711,-25020.967,0,-66.17498,991.02783,28.592108,35.994991,129913952
75.463341,57.857231,61.592823,-25055.441,1,51.483204,986.03723,63.787121,58.777901,-100180240
45.795097,22.547417,43.989353,-25012.543,1,62.734173,1045.1635,14.080699,-71.879837,-137130160
81.384811,14.201924,-4.7114806,-25038.352,1,24.553896,956.12268,-2.095413,91.710663,-44960716
31.992355,19.4471,-30.539921,-24952.221,1,99.240341,985.21393,43.565014,-210.52989,-192728816
73.589272,-13.559944,-10.511493,-25046.885,1,97.095009,961.12982,-6.3241005,67.337654,-179457152
91.28022,13.061848,26.062101,-24972.771,1,80.590538,943.77277,22.647924,16.54962,-143631872
54.30978,-3.5275795,-21.31295,-25003.113,1,93.543694,1027.4469,-10.947488,150.42125,-197570576
36.156792,41.03363,22.185484,-25043.461,0,-50.788597,1030.0139,7.7799644,-70.969971,107694232
84.465721,-28.940569,17.511629,-25019.582,1,152.84076,975.3064,-34.287083,141.65837,-290840320
89.971924,-17.53849,-37.701385,-25003.855,1,163.4283,993.38129,-17.183743,-85.302422,-322612480
14.071296,20.055269,27.062603,-25069.512,1,120.54672,918.1214,22.707001,7.3863969,-203304768
76.24192,26.985163,-19.13884,-24989.674,0,-68.007355,1052.438,24.475473,171.99457,150586400
78.29818,-19.664183,-50.284019,-25010.711,0,-51.476444,968.91223,-9.3068914,10.222889,96584184
73.441788,-26.689581,-27.12464,-24998.461,0,-74.749458,998.75562,-12.996356,76.697113,149059680
81.268799,-45.547516,-49.575191,-25047.063,1,81.101585,1064.5396,-34.74614,171.41637,-183884432
43.8027,31.754835,46.710766,-24984.465,0,-38.327465,1095.1254,14.752158,-165.39105,91860976
31.777981,20.057247,22.08275,-24995.143,0,-39.698826,1095.4513,30.858881,69.533875,95206080
45.848576,-43.431633,-23.970026,-25010.355,0,-68.316025,1004.2883,-14.355855,136.60104,137735616
13.572706,46.508465,46.131882,-25002.639,0,-73.268616,914.88751,37.452927,141.42484,122581760
23.513397,16.179985,-10.099221,-25068.578,1,157.70595,1029.0851,4.2198553,167.334,-334102144
94.616531,-16.279119,-35.632729,-25023.627,1,69.342812,1033.9849,-10.606404,117.93105,-148338272
34.701366,6.0006938,-27.874203,-25056.443,1,103.3191,1014.5312,9.3760872,120.00951,-212761632
0.97415024,-1.1984162,16.159922,-24947.252,1,154.24756,967.2442,-5.5547657,-25.191507,-288692192
93.354202,-11.021212,-7.7100611,-25037.869,0,-40.612675,1113.9911,-10.134055,118.5136,100734152
30.519104,23.516808,-6.6094952,-25020.957,0,-53.214619,1015.9028,24.107527,109.24117,109768968
18.70583,27.923677,83.98748,-25021.377,1,110.99004,966.64703,22.266474,-3.6837921,-207494944
57.990902,34.045464,38.151787,-24972.5,0,-63.010979,936.65631,7.5086284,66.288368,110492640
73.303001,48.052143,16.50845,-24916.637,1,122.61804,992.94592,22.746099,79.645782,-241858576
47.347218,-0.028193597,33.088322,-25053.252,0,-69.592239,1016.9384,2.8227019,-75.681747,143868768
61.994198,70.482574,77.444023,-24966.049,0,-46.617012,1011.1125,57.454739,67.290245,95248440
21.326868,-1.5489737,4.2623911,-25002.717,1,78.043839,934.13623,-8.8719568,6.0842295,-136278432
51.714844,-15.766902,-44.36348,-25001.063,0,-41.88316,1043.9685,-1.6266315,-70.416672,91223848
52.567753,19.504574,59.646755,-25022.369,0,-45.868824,1065.108,44.254951,-30.811529,104001800
46.600224,74.531563,52.38578,-24913.289,1,56.796181,975.81421,46.076267,106.00149,-108236496
46.474377,46.644516,27.707964,-25052.855,0,-49.848293,945.44684,28.341681,71.841057,89044552
34.584736,8.0425301,-19.295975,-25053.119,1,64.99469,937.24762,18.210663,26.107918,-114260880
49.157753,16.916451,3.330368,-24974.646,0,-67.490723,1007.1904,17.273092,-5.7417836,136859168
84.108391,57.012211,54.445805,-25012.232,1,81.290062,954.76654,37.030735,-26.675032,-148272784
46.311619,-6.3571296,9.8812494,-25006.145,1,69.161705,1095.1158,-10.886083,29.429554,-165961024
15.134708,16.370939,-57.177258,-24949.609,0,-60.429733,1020.2534,-14.886537,-152.20282,125732080
24.082838,54.812202,94.607986,-24928.059,1,124.87012,1003.6209,26.434189,54.059116,-251627040
51.197769,42.559238,85.582024,-25004.492,0,-85.760674,965.276,24.458477,4.6171165,159746320
81.277306,42.892315,0.021500973,-24973.234,0,-35.376053,985.91772,34.667797,-44.985027,68706744
37.750729,24.180309,61.450741,-25022.529,1,152.4693,968.52155,39.993092,136.96021,-286117664
14.57045,9.8586044,30.949024,-24962.227,0,-38.76453,1053.1478,9.354702,32.420471,85916112
95.082245,-18.284967,5.617816,-24880.818,1,79.189888,975.4812,-10.105304,91.258118,-150774144
96.098938,11.478876,86.005486,-25101.369,0,-40.972576,1011.0037,34.028561,232.3,83694144
35.416729,33.344685,9.6386309,-25054.057,1,27.710234,1032.5479,26.042582,-147.28168,-59159996
11.901134,-4.9167938,17.198429,-25000.803,0,-42.784573,1055.0388,29.82089,35.054878,95174560
30.612835,-25.569921,45.456203,-25058.572,1,120.65832,994.4906,1.46057,-31.413347,-238739888
67.300812,35.572144,22.815184,-24915.041,1,151.13971,949.13507,8.515234,-37.509521,-272382080
97.262978,-8.1522379,-113.66854,-25020.191,0,-53.546417,1066.8168,-18.38628,199.29497,121818512
20.102362,-19.699717,-31.522408,-25046.211,1,110.70637,1007.9581,-16.237104,52.935154,-225026096
65.369728,21.752113,18.537107,-25001.109,1,115.21162,1010.9269,9.2739353,38.97681,-235557696
89.23513,35.581898,60.089092,-25018.461,1,120.83193,1008.1382,40.392704,119.14693,-245681072
92.114449,-8.3234081,4.9006772,-24902.713,0,-29.662996,973.79828,4.7836695,23.220642,56193120
4.7896709,15.609926,0.14489214,-25071.479,1,140.53094,961.30975,2.1967778,-136.81639,-259810176
32.590736,8.1181545,6.7200999,-25043.906,1,124.82303,1076.2231,-11.469062,-38.372581,-289228864
64.554672,-19.354372,-95.014191,-24946.826,0,-59.119064,988.86145,-41.245007,-39.463715,115550088
11.233274,49.736153,32.583031,-25013.973,1,31.619963,1042.6426,35.884094,54.45966,-68822592
73.602783,-8.6644554,-46.383476,-25001.428,0,-32.27906,1052.2645,-14.744081,149.55579,71414720
59.009094,-51.160492,-55.319664,-25039.471,1,32.430458,1048.2407,-32.546925,25.185497,-71340728
35.556084,-13.35544,16.929285,-25020.43,0,-47.072613,949.24084,14.984889,47.765476,84758280
13.211145,13.063385,7.0093317,-24998.184,1,136.61029,982.58563,15.640371,-94.850304,-263863296
91.670914,11.772591,16.751684,-25154.619,0,-53.175201,948.34418,12.609418,6.8047681,95581736
2.9757702,13.62645,-17.382736,-24985.07,1,97.897186,985.60748,7.7990141,170.59453,-190274304
91.413116,-9.6565113,5.6600528,-25047.701,1,102.94328,984.41125,-11.857045,-35.451439,-199584800
92.288261,38.053085,78.775635,-25005.947,0,-56.562237,1014.7887,15.854781,102.64775,116430608
12.336319,17.518543,44.285229,-25014.322,0,-14.52702,1029.219,15.46326,-1.9365315,30703172
9.1694012,-10.425818,-40.039639,-24992.18,1,68.601784,936.4422,-14.041713,78.050964,-120391992
85.935982,34.02491,43.875999,-25019.449,0,-43.268673,1041.7017,16.59749,76.230873,93839464
22.997839,53.11739,30.134012,-25049.313,0,-39.37138,1044.6366,38.481289,-67.546638,85856384
73.649384,74.733231,25.871525,-25019.695,1,69.023239,902.12268,68.509743,-70.401093,-112415384
49.239727,-2.7973034,10.131632,-24992.637,0,-58.806156,950.52197,11.612885,-190.53745,106191176
65.10408,32.838169,8.3200989,-24923.588,1,104.86986,981.27606,16.867979,128.12114,-202029968
21.593761,-9.3232508,-6.6556516,-25026.979,0,-2.5305488,1007.7686,8.8826885,115.79577,5066564.5
57.008919,-40.239651,-31.999454,-25160.113,0,-60.767868,1012.0948,-15.021001,20.357489,124423224
36.446487,29.78446,2.2205408,-25087.002,0,-48.527321,1025.8994,17.581219,-24.544476,102074992
46.705105,0.36638168,59.239426,-25124.193,1,105.01904,951.21466,7.2093425,-75.664177,-190118128
22.687641,57.655792,65.264206,-24930.842,1,132.10275,1071.8076,33.633934,10.173736,-303586848
31.618868,6.850637,43.012424,-24926.236,0,-69.45845,945.05475,45.919109,-13.802321,123998960
86.096031,33.342758,5.8522973,-24935.486,0,-61.451492,1015.8933,10.572085,69.191772,126775352
7.384584,42.819534,68.549751,-25084.715,0,-68.297905,986.4505,47.697098,38.193806,132846192
95.103783,26.911579,-13.332059,-24968.889,1,94.694908,980.82587,6.9866371,-120.28735,-182262880
98.681961,23.30998,19.42156,-24946.393,0,-15.414729,943.64758,32.025936,-164.39297,27388900
98.838783,-27.297615,25.535883,-25036.928,0,-52.948006,947.07141,10.810994,110.03925,94919312
97.502777,-14.98089,66.114868,-24971.879,0,-33.059235,1009.0435,-8.8487158,-109.35369,67255944
24.408909,54.910313,9.0150585,-25090.029,0,-59.459061,1036.5886,56.58807,284.12915,127706776
79.290833,21.752348,-22.018471,-25062.713,1,152.22412,946.45044,19.394461,-116.44243,-272785248
28.09132,42.401302,17.478464,-25108.074,0,-46.766808,1014.4423,33.570061,-140.01379,96182104
86.958084,-30.508022,26.28257,-24963.066,1,123.10959,1103.5211,-10.864679,-80.344421,-299903552
81.302055,-42.641167,-99.390518,-25022.74,0,-46.173779,1057.4762,-55.93396,67.389771,103201584
83.165771,82.222862,68.564621,-24939.232,0,-53.781166,1025.1978,35.342293,-52.420967,112985336
70.776489,13.780083,-25.521242,-25070.309,1,105.37105,1014.2631,1.3153588,4.6429,-216867296
34.805115,47.138687,32.491592,-25022.047,0,-44.073475,1046.3566,32.017033,-29.530285,96436720
84.666885,10.518755,66.081345,-25015.443,0,-33.472546,971.47314,11.070904,-83.315376,63113800
69.433098,-45.544518,-25.198854,-24911.893,0,-56.813213,939.70068,-39.668751,-135.21593,100268344
49.29665,45.329357,60.716938,-24894.762,1,159.97966,1069.0018,57.299652,27.31732,-365711744
44.033173,5.7042599,-91.477478,-24955.785,0,-29.545511,952.97162,5.7568641,149.40552,53592356
64.511993,-18.419207,-31.788971,-25070.26,1,171.78671,952.06708,-22.659325,175.48744,-311498432
88.032379,-26.184868,-65.874336,-24997.656,0,-25.785028,1011.3438,10.306896,-63.034107,52680940
78.930313,86.757629,49.671371,-24985.582,1,90.30056,1043.644,80.702873,35.00124,-196778400
35.437462,19.498377,-35.167431,-25024.748,0,-79.598839,1033.2303,26.355366,35.11483,169882368
20.753145,-4.2097645,48.071362,-24958.08,0,-73.40699,947.48682,6.7163858,48.660698,131727216
51.652149,-0.6905064,27.086689,-25020.135,1,62.307575,992.18469,22.157318,197.03181,-122747184
48.884789,10.956233,-35.719566,-25132.334,1,104.83352,973.30249,-30.015753,155.4305,-198694832
79.357124,25.38973,14.643476,-25012.869,0,-52.97739,1029.8157,36.04269,1.1800344,112300392
5.2834268,98.721458,80.580467,-25062.822,1,72.108391,997.96094,32.182194,9.0342388,-143704384
33.234222,-31.48455,23.147728,-24958.893,0,-48.477917,1005.8985,-31.965044,15.497338,98031048
76.009895,83.964828,57.809185,-24982.338,1,48.091949,1007.7286,75.812225,142.41061,-97745168
91.404915,-22.094009,-2.5981138,-25004.475,1,118.92859,1029.2665,-11.27072,35.926628,-252050704
49.086823,-0.10838428,70.789154,-25022.342,1,65.58255,1017.2598,33.422638,-18.563097,-135804464
43.885376,13.425132,53.478954,-24928.139,0,-63.478123,952.29895,36.173271,-58.990345,115062400
32.40266,-8.4822493,24.462597,-24974.33,1,131.15657,995.2854,-4.7736111,-30.205595,-259920304
48.376518,24.151203,19.186285,-24921.916,0,-53.346478,1036.2238,19.688515,107.27288,114492112
80.76683,-23.168413,-12.673579,-24958.01,0,-35.48875,1053.3264,-21.23963,-4.8251424,78682616
89.691032,-5.624949,20.904739,-24921.844,1,51.638813,977.06689,6.7384548,-25.975325,-98661416
61.865513,16.785601,-10.847957,-25011.689,0,-49.254013,1016.8104,30.552355,71.642937,101778432
80.935219,59.614525,92.466026,-24973.162,1,74.736084,996.40527,56.315948,-5.249712,-148467856
36.815403,-9.989171,6.4698896,-24984.717,1,101.12359,995.25873,-6.2245069,79.83181,-200407920
33.188683,-0.27487418,66.672379,-24954.125,0,-60.307533,974.79852,28.187569,106.39799,114540528
22.971582,-27.898664,-36.38652,-24946.24,1,149.01912,993.34552,-49.483379,-52.137676,-294160320
39.827988,-4.0856152,-21.268625,-25090.672,0,-50.447777,1048.7101,22.330708,244.93657,110892432
82.56189,-24.616678,13.935232,-25104.67,0,-67.024582,1016.8308,-16.685028,-33.79578,138533072
90.414391,5.5918231,-26.604174,-24894.598,0,-46.277245,932.49658,4.3215628,62.348179,80415968
9.0776978,20.978088,17.662964,-25050.531,1,34.911091,991.2879,1.0075997,133.93604,-68685384
5.4258566,41.537495,-9.138711,-25052.383,1,151.18666,1023.926,5.3706088,-58.591446,-317091872
14.144637,16.995245,33.616447,-25018.01,1,92.032059,883.73889,7.6348634,-127.98269,-143828304
36.776855,32.051846,79.991211,-25051.553,0,-37.212624,1034.8627,29.495966,68.556923,79632928
56.495525,-12.542994,53.645676,-24997.111,0,-58.403568,990.02667,-27.650526,47.329105,114419016
34.095798,48.686089,8.3716583,-25029.043,1,99.470047,882.4917,14.19758,-14.131181,-155007312
2.0265028,-27.129,3.2082231,-24950.922,1,108.97806,945.62781,-12.161914,-99.408188,-194974384
67.677658,3.6799059,9.35042,-25007.313,1,8.9155388,979.39343,-24.005222,97.380402,-17173262
39.893799,-54.386173,-49.390778,-24911.025,0,-37.074722,1049.0605,-39.005486,-4.0788436,81532112
35.108871,-0.055224631,-17.370686,-24963.906,0,-49.940075,1012.514,-19.052635,-19.945955,102323792
61.422558,9.8087635,-19.718063,-24990.287,0,-71.197281,1022.0417,12.409747,35.105103,148672000
8.1496382,-34.401989,-20.650976,-24994.805,1,121.20753,962.5495,-29.652805,-92.015106,-224673616
54.069859,-9.3630648,29.074625,-24939.143,1,105.38635,1049.5946,22.062805,179.47351,-232269824
63.335102,73.056152,118.00589,-25086.162,1,63.294319,917.32617,63.398994,-15.733953,-106593912
99.095108,-13.681035,-0.50915891,-25039.793,1,88.46653,973.13751,-9.487875,191.04736,-167620560
85.377739,39.876144,13.968681,-24966.143,0,-52.780834,1002.4598,12.300818,39.829411,106015904
29.973513,-17.776413,-78.303619,-24997.379,0,-54.339821,1003.6449,-24.710838,-9.8888578,109401152
89.22422,7.5308261,17.482983,-24938.449,0,-52.187042,940.46716,-20.83275,86.109047,92251584
16.837934,-62.912842,-49.605049,-25010.096,1,4.7637172,1023.6239,-43.295143,92.530098,-10056619
49.157845,-42.196747,-27.692083,-25067.363,0,-53.249916,1019.2424,-22.540215,46.039742,110567024
6.2781591,-68.562187,-104.14408,-25064.922,1,79.708389,978.95856,-79.024902,-150.9207,-152853920
68.928253,-20.749056,-24.315842,-25016.646,0,-53.720829,972.54651,-5.2553191,-13.839555,101554912
95.025894,-44.105682,4.5802979,-24958.973,0,-40.68137,1055.1831,15.253884,-13.297828,90526128
57.101112,30.417067,62.694633,-25099.451,0,-65.36274,1034.0696,44.462921,-15.935536,139714816
72.666389,71.518051,35.667393,-25017.365,1,90.734024,991.3222,38.822411,37.387146,-178402256
44.797348,20.694803,24.611942,-25058.551,0,-49.084583,1003.9266,-1.3034196,-67.691734,98870288
55.176163,24.003094,-14.455715,-24945.365,1,161.70462,968.61578,11.176761,113.76283,-303501056
31.838539,-5.7844553,19.461908,-25019.434,0,-67.223618,1040.3038,10.026722,55.098118,145431232
58.543243,-73.140633,16.120033,-24980.596,1,22.043045,1068.9315,-14.215093,-0.20324653,-50444092
23.569195,-8.7732267,13.835973,-24956.24,1,176.8634,991.27899,10.273282,42.96492,-347659872
35.17384,47.625381,18.481667,-24984.389,1,82.453323,1039.6125,17.258434,-47.045094,-178303968
94.581406,0.086090565,-40.506287,-24954.572,0,-60.320984,1005.8604,-15.524765,192.16672,121996208
65.763107,47.655338,48.786194,-25035.311,1,79.606522,971.41162,48.588665,-97.036842,-150310784
96.889862,65.050728,48.64959,-24983.699,0,-51.023983,1000.8318,47.716633,-62.863613,102154136
94.763992,37.64109,-34.796989,-24977.648,1,90.000969,1076.2479,23.170679,104.41658,-208564112
93.624435,27.348742,46.434135,-24989.756,0,-62.394791,924.90436,-0.41874531,-99.576637,106686776
64.388565,-6.6663823,41.967293,-24941.436,0,-42.324669,1028.2277,-3.1606431,45.256687,89426776
70.564171,-81.041519,6.3054113,-24959.152,0,-39.320004,926.25391,-35.585045,-215.91983,67400624
22.006693,-78.623894,-18.445642,-24927.43,1,117.6582,1053.5313,-57.449932,49.34972,-261259184
95.004379,-19.218485,-16.435377,-25085.654,0,-34.73296,1064.7479,-24.026007,-35.322548,78688128
21.205381,60.876492,16.139416,-25044.338,0,-41.943653,1014.5611,30.739481,-25.238354,86275152
55.139812,35.775387,49.842724,-24892.359,1,171.89883,975.16345,8.7201529,89.022545,-327005376
87.654831,-18.322027,-54.848286,-25043.02,1,88.603714,1027.8329,-32.688404,132.34435,-187276752
6.7220902,-32.969257,39.619701,-24969.414,1,81.433723,1008.4227,-3.0826588,88.430359,-165697552
42.903839,4.7608914,23.801411,-25032.555,0,-55.853966,1057.6227,22.0772,69.021675,124881392
0.74677324,-8.5812588,-32.870747,-24983.484,1,73.875069,979.88849,-20.295252,121.49662,-141941936
24.598267,-9.3691072,-54.683205,-24956.914,0,-37.805859,960.17444,-8.3515062,19.546898,69636440
57.916096,58.701389,89.436752,-24983.197,0,-38.56567,1060.4919,57.796036,123.27077,86675376
62.122517,5.7975173,16.048006,-25006.113,0,-43.892178,972.47632,9.8404856,92.403755,82949136
30.296404,-15.794948,11.482049,-25097.697,0,-45.12796,1065.7861,-15.504707,-91.427437,102449176
39.300838,-13.276282,75.084435,-25006.881,1,65.940208,992.41162,21.893003,-24.826302,-129959872
57.45747,-5.40588,-1.2604246,-25020.131,0,-79.538223,1019.4781,-2.2312033,53.90736,165264368
59.212315,50.553921,28.882166,-24958.023,0,-30.087406,997.23621,45.09761,-112.58601,59772836
78.015221,73.7435,116.78219,-25047.471,0,-48.081745,1001.7083,59.462681,4.4740705,96425104
17.792198,19.586329,77.547745,-25031.037,1,70.518173,1030.4982,32.179981,-26.642832,-149844912
17.823563,23.989691,0.63191193,-24952.695,0,-73.171364,1027.3115,14.085175,-37.115963,154373232
68.017159,26.585264,24.080465,-25031.186,0,-62.853249,957.56842,7.1461372,207.2283,115196528
58.493896,18.728035,2.0586772,-25033.559,0,-37.720757,1014.8231,36.707844,96.868019,77624648
73.438889,-2.2678127,50.299046,-25038.598,1,165.79602,1032.7401,9.3449411,-13.111053,-353731264
44.923916,25.858143,44.773026,-25071.598,0,-45.441036,963.33771,13.431554,-100.18359,84268896
56.633537,18.987509,66.895218,-25042.492,1,78.444084,1007.0941,-5.188931,-26.348194,-159194000
32.575272,4.5135684,-3.3428309,-25013.066,1,91.125015,1000.6223,-25.03931,62.595921,-182551168
10.698423,16.579634,48.894493,-25006.285,0,-23.598057,1003.7049,39.270531,63.59544,47473032
50.493896,-24.804688,-56.327667,-25038.395,0,-73.510139,976.98376,-7.9892106,18.637991,140260064
88.545166,-4.4083877,-8.4175634,-25049.428,0,-48.572727,997.74469,3.0603547,73.386162,96642264
43.622768,18.62022,46.074223,-25005.584,1,112.68095,900.58923,-9.0774031,-57.212502,-182856048
67.853012,-45.264755,-1.2345331,-25050.193,1,71.235252,1002.9503,-34.696484,12.260983,-143382912
80.878746,-12.967018,-48.295692,-24904.07,1,132.79691,973.18457,-23.08181,-19.607304,-251609856
12.260851,67.595886,64.592216,-25002.402,1,58.19405,900.89886,50.503666,41.311256,-94537496
97.871994,12.312824,12.797188,-25036.061,1,115.10184,1012.1326,13.181603,-2.1257045,-235889664
79.265358,-16.326632,-23.739798,-24966.291,1,103.00048,1015.0585,-25.996923,-44.737217,-212320848
91.226891,65.324234,22.379328,-25044.527,0,-43.133064,1026.6245,32.469833,47.315197,90855824
55.09729,-44.478195,26.355791,-24974.211,0,-50.026688,971.9469,-22.697165,-17.467228,94448432
9.8459301,-13.681938,-6.6162062,-24909.898,0,-55.462662,973.1601,-2.954406,-56.775806,104978056
54.284889,47.595028,73.331825,-25001.607,1,108.91908,1017.3214,37.716827,35.787903,-225522592
68.904213,-12.805613,-20.815344,-24936.08,0,-32.525978,1107.7905,-12.587602,-3.7709148,79763384
74.665588,-10.553806,-9.9740467,-24994.768,0,-25.779119,1005.1648,7.2519336,-67.278297,52024264
39.714603,-15.717143,6.6325035,-24864.115,0,-49.355701,1033.7594,5.1910915,169.87482,105417640
11.469068,2.7482746,-46.950111,-24981.256,1,40.875778,1011.8571,-16.301537,-178.37868,-83776024
87.572922,8.9608755,-8.061039,-25036.633,1,151.5795,1002.4793,-4.5613494,-34.497311,-304732704
0.20405193,-21.834362,28.056559,-24976.549,0,-41.470856,1055.397,-2.2980914,-7.4588447,92312536
39.199738,30.464985,-53.936462,-25078.424,0,-50.433807,937.05505,11.580546,245.7179,88497136
48.779186,40.217793,-25.745403,-24980.057,0,-50.496521,962.0246,13.367083,-71.843208,93397440
77.00827,-50.22377,-30.19648,-25049.996,1,149.4198,973.95691,-21.799511,163.83171,-283547264
